0.0,0.0,0.0
0.0,0.0,0.0
3.22478596273828e-05,7.412647339897145e-05,5.2712771901591534e-05
0.00012445288892983455,0.00030503321307883384,9.839212480749289e-06
0.0001255445653735494,0.0008298393424342322,-0.00031119384199694225
0.00011972536434087107,0.0016945112658380231,-0.0006888860045297467
0.00012930072175528184,0.002971767470690105,-0.0012611129129819617
0.0003773706038461517,0.004816137490743374,-0.0010254944732946774
0.0010827424321786581,0.007342435227680383,-0.0006425955977809718
0.000567130751731149,0.01098672751122458,0.0003652215277658128
-0.00041014656719368776,0.016072908947329042,0.001323571545724845
-0.0013591042438211441,0.02190216359440472,0.0018401997604643688
-0.0020097206359680785,0.02844115533607146,0.001487449502481105
-0.002482467546849484,0.035673587753892566,0.0006373483305939925
-0.0030052523811526276,0.043633469035177654,-0.000531852491868208
-0.0036748747716130346,0.05235527823539376,-0.001860891165580358
-0.004506001449803078,0.06181916235169353,-0.0031428032437262913
-0.0054892384112127275,0.07184232258182642,-0.004403539392279267
-0.006531537364025876,0.08218406601580186,-0.005870162099843016
-0.00744521889777776,0.09284963189974996,-0.0074514812946566075
-0.008064560670558404,0.10370913934092804,-0.009081522055429694
-0.008419310986574174,0.1146318877708666,-0.010676727861080619
-0.008636671564284925,0.12569053478984019,-0.011762308383882956
-0.00883935468365631,0.13678050593683694,-0.012018370017249208
-0.009139921430053422,0.1475767787418849,-0.011572581813606807
-0.00958824754915374,0.15790403475477474,-0.010264674432448547
-0.01008741571805503,0.16766090723278973,-0.008136915055010059
-0.010433834794344142,0.17673379727759655,-0.005541702165300869
-0.0106163553830655,0.18498365150021123,-0.0024818698541195896
-0.010811966035983148,0.1921920029826394,0.0006979114170751742
-0.010975088414151263,0.19809773795912172,0.003494367859726626
-0.01100193197971893,0.20237087051903443,0.005539820158320724
-0.011132345851732589,0.2048900106687931,0.006455156402185954
-0.012174311969243835,0.2057430677971765,0.00448590200843434
-0.013674510883830166,0.20489247308545122,0.001789286518009428
-0.015257815771625624,0.20388397986106768,-0.0004853752986748129
-0.01626007080431671,0.20328909200435696,-0.0030362292849424794
-0.01672571188162541,0.20255881151280505,-0.00517556202058316
-0.016694055276111067,0.201655202959583,-0.0064146795652332165
-0.016937852842609197,0.20077362113488295,-0.007617372568804086
-0.017675282282821683,0.19991121403798723,-0.008432663241866924
-0.0174729579397501,0.1992908375758297,-0.008362209980539614
-0.017754143318079552,0.19892494904430663,-0.008380487393045682
-0.017745600264197553,0.1986407036571097,-0.008162295482776718
-0.017800309072258533,0.1983827181971401,-0.007904202671153018
-0.01785246143943054,0.19824208160732892,-0.007710662074958625
-0.017851963029856442,0.1981837758412872,-0.0075789160574181716
-0.017841690166278745,0.19821685218787602,-0.0074992507765858
-0.017841690166278745,0.19821685218787602,-0.0074992507765858
-0.017841690166278745,0.19821685218787602,-0.0074992507765858
-0.017841690166278745,0.19821685218787602,-0.0074992507765858
-0.017841690166278745,0.19821685218787602,-0.0074992507765858
-0.017841690166278745,0.19821685218787602,-0.0074992507765858
-0.017841690166278745,0.19821685218787602,-0.0074992507765858
-0.017841690166278745,0.19821685218787602,-0.0074992507765858
-0.017841690166278745,0.19821685218787602,-0.0074992507765858
-0.017841690166278745,0.19821685218787602,-0.0074992507765858
-0.017841690166278745,0.19821685218787602,-0.0074992507765858
-0.017841690166278745,0.19821685218787602,-0.0074992507765858
-0.017841690166278745,0.19821685218787602,-0.0074992507765858
-0.017841690166278745,0.19821685218787602,-0.0074992507765858
-0.017841690166278745,0.19821685218787602,-0.0074992507765858
-0.017841690166278745,0.19821685218787602,-0.0074992507765858
-0.017841690166278745,0.19821685218787602,-0.0074992507765858
-0.017841690166278745,0.19821685218787602,-0.0074992507765858
-0.017841690166278745,0.19821685218787602,-0.0074992507765858
-0.017841690166278745,0.19821685218787602,-0.0074992507765858
-0.017841690166278745,0.19821685218787602,-0.0074992507765858
-0.017841690166278745,0.19821685218787602,-0.0074992507765858
-0.017841690166278745,0.19821685218787602,-0.0074992507765858
-0.017915438918206957,0.19837711646882694,-0.007523943280557835
-0.01785968937925243,0.1983929736570004,-0.007551195271278708
-0.01767714141448096,0.19850619391853677,-0.0075745486558318805
-0.017385721342524103,0.1989785121070892,-0.0077788157649107655
-0.016978547933449783,0.19966840883060286,-0.008436765189617923
-0.016422809647128642,0.20142097507863743,-0.009458616641694109
-0.016029471888556576,0.2041931796972627,-0.010022755752795737
-0.015311357517245393,0.20717591524325998,-0.010541913153899579
-0.0161698589986274,0.2108173040999929,-0.010099840881566624
-0.01772328051917079,0.21641880746771472,-0.009627573594536991
-0.019485961483354953,0.22257523683416594,-0.010202157744265163
-0.021170331201677245,0.2295137381617944,-0.01158339829296879
-0.022695889443997776,0.23738523426515876,-0.013439847845920862
-0.024115027531723687,0.24627473185068646,-0.015717614944234903
-0.02559001223962219,0.2560714850350246,-0.018219517978378143
-0.027223322223330786,0.266612635734859,-0.020866885310830776
-0.029041294723883615,0.2777316062956879,-0.02359775030630074
-0.031015654593162426,0.2893006359792113,-0.0263532105117638
-0.033031201545629364,0.3011920246209005,-0.02909317461384272
-0.03502963950318065,0.3130350430020066,-0.03189333705113073
-0.036991627932944214,0.32493535304152005,-0.03413891107487595
-0.03894217693382305,0.33676073931829525,-0.03564280832197318
-0.04071679294364241,0.3483488394256087,-0.036368551820405916
-0.04239838560528084,0.35949240311968705,-0.036135128232766295
-0.04415936843709368,0.3699291423162885,-0.03516064726161505
-0.04600054760357056,0.37957396297289037,-0.03326834798862085
-0.047661928962115574,0.38831934906142085,-0.030861421073367108
-0.04920483993553387,0.396010254547741,-0.028323667292201198
-0.051028125160564014,0.40225774097716743,-0.026035883615079487
-0.05272184206073487,0.4065730055585979,-0.024467752482736978
-0.05365561541884209,0.4088368319846624,-0.024228685381336636
-0.054410058716339554,0.40942553018671224,-0.025257858582584086
-0.05510085550210089,0.4090460954302305,-0.02647238237755814
-0.0561782223538898,0.4075334939509086,-0.02933955773908478
-0.057101812162524725,0.40696126585961956,-0.031304552324855045
-0.05860106550197562,0.4060013082183101,-0.03360770906811007
-0.059122760405861265,0.4047705356734322,-0.03501658800546215
-0.05932415045911155,0.4036305943048335,-0.036065514418599724
-0.06032796122959023,0.4025914558624415,-0.03666884960309311
-0.060950910786381644,0.4018290159343347,-0.03673074619894331
-0.06147504814617516,0.4011860492833383,-0.03658516921382762
-0.06177543758868807,0.40071584008234573,-0.036345194219092256
-0.06207739789642502,0.40037555924906537,-0.03610089181070071
-0.062248161818712226,0.4002101772116921,-0.03592162569747265
-0.062317600533197355,0.4001960874888492,-0.035849450254638156
-0.062317600533197355,0.4001960874888492,-0.035849450254638156
-0.062317600533197355,0.4001960874888492,-0.035849450254638156
-0.062317600533197355,0.4001960874888492,-0.035849450254638156
-0.062317600533197355,0.4001960874888492,-0.035849450254638156
-0.062317600533197355,0.4001960874888492,-0.035849450254638156
-0.062317600533197355,0.4001960874888492,-0.035849450254638156
-0.062317600533197355,0.4001960874888492,-0.035849450254638156
-0.062317600533197355,0.4001960874888492,-0.035849450254638156
-0.062317600533197355,0.4001960874888492,-0.035849450254638156
-0.062317600533197355,0.4001960874888492,-0.035849450254638156
-0.062317600533197355,0.4001960874888492,-0.035849450254638156
-0.062317600533197355,0.4001960874888492,-0.035849450254638156
-0.062317600533197355,0.4001960874888492,-0.035849450254638156
-0.062317600533197355,0.4001960874888492,-0.035849450254638156
-0.062317600533197355,0.4001960874888492,-0.035849450254638156
-0.062317600533197355,0.4001960874888492,-0.035849450254638156
-0.062317600533197355,0.4001960874888492,-0.035849450254638156
-0.062317600533197355,0.4001960874888492,-0.035849450254638156
-0.062317600533197355,0.4001960874888492,-0.035849450254638156
-0.062317600533197355,0.4001960874888492,-0.035849450254638156
-0.062317600533197355,0.4001960874888492,-0.035849450254638156
-0.062317600533197355,0.4001960874888492,-0.035849450254638156
-0.062317600533197355,0.4001960874888492,-0.035849450254638156
-0.06236879646137885,0.40035106533652787,-0.035881707859592486
-0.06252714946006252,0.4007409788963161,-0.036035655545012514
-0.06260822482275767,0.4011178980379594,-0.036081492156263106
-0.06271974312971673,0.40176330527096243,-0.03616618652775163
-0.06271793803766694,0.40277522263514304,-0.03645390874785755
-0.06262877661945737,0.404264513045764,-0.037080896454698795
-0.06226534252856805,0.40648015375103486,-0.037780679418033286
-0.061879595009431576,0.40958368982495535,-0.03814538571355767
-0.06114849048244102,0.4122068897053289,-0.03683233653775089
-0.06099668049134811,0.41535083597801203,-0.03448374529183646
-0.060789638848791336,0.4200282843292618,-0.03271840013363074
-0.060417878846168296,0.42505876903705014,-0.0319226101558401
-0.05983174006232836,0.4307051652677264,-0.032277108301672096
-0.05915525797135846,0.4371156847035698,-0.03334505577106876
-0.05847710024399139,0.44439162415617195,-0.03492406927219319
-0.05787135164784101,0.4528265387399413,-0.03649084921198305
-0.05749499372368259,0.4623057054361403,-0.03778539285350522
-0.05744416706601769,0.47240422787616093,-0.03901927030894794
-0.05764665056338661,0.48289366775382686,-0.040302154236482354
-0.0578664661673541,0.4937194760908743,-0.04156887120210448
-0.057927193709649834,0.5047827169632674,-0.04267769159484934
-0.05778231531443743,0.5158319434956858,-0.0436897323829838
-0.05748887018225573,0.5270132203864019,-0.04392863253091237
-0.05722162026374301,0.5381245402181865,-0.04321558708619932
-0.0571769041353474,0.5489193400833432,-0.04154647484821532
-0.057247175097576014,0.5590585542148642,-0.03900485388278945
-0.05725976855798288,0.5684308205936602,-0.03556478306048229
-0.0572911620571333,0.5768353272748432,-0.031655573264071875
-0.05768828009729306,0.5839844309426837,-0.02747745002391812
-0.05841648046216982,0.5894073711858357,-0.02361434708359824
-0.058973913568687884,0.592800564859805,-0.020374023138773397
-0.059618772299737596,0.5943018899211229,-0.018359143058475247
-0.060740987850605686,0.5941650866953185,-0.017563719726474348
-0.06229643201158345,0.5929678093242398,-0.019869094748462705
-0.06366454158919378,0.5913930063829007,-0.02222142665646635
-0.06513650945617806,0.5905295179886366,-0.025142290204243155
-0.06588746153317304,0.5892792860861034,-0.027524254614660546
-0.06533230755579666,0.5877933242523913,-0.02900539965147038
-0.06571491759442556,0.5865185409140522,-0.02962075635081917
-0.06657357148376433,0.585222538917098,-0.030325371158979375
-0.06654642434957742,0.5839487070065297,-0.03040376157201741
-0.06661622030812604,0.5829684075616409,-0.030412264871356724
-0.06672119815539777,0.5821496608702996,-0.030197550044689783
-0.06675655903230446,0.5815463043299981,-0.03008196317832792
-0.06677486941796118,0.5810532487877516,-0.029931500361199265
-0.06674137832765721,0.58079072882741,-0.029821481080619865
-0.06672629800336395,0.5806973643948563,-0.029751391770925745
-0.06672629800336395,0.5806973643948563,-0.029751391770925745
-0.06672629800336395,0.5806973643948563,-0.029751391770925745
-0.06672629800336395,0.5806973643948563,-0.029751391770925745
-0.06672629800336395,0.5806973643948563,-0.029751391770925745
-0.06672629800336395,0.5806973643948563,-0.029751391770925745
-0.06672629800336395,0.5806973643948563,-0.029751391770925745
-0.06672629800336395,0.5806973643948563,-0.029751391770925745
-0.06672629800336395,0.5806973643948563,-0.029751391770925745
-0.06672629800336395,0.5806973643948563,-0.029751391770925745
-0.06672629800336395,0.5806973643948563,-0.029751391770925745
-0.06672629800336395,0.5806973643948563,-0.029751391770925745
-0.06672629800336395,0.5806973643948563,-0.029751391770925745
-0.06672629800336395,0.5806973643948563,-0.029751391770925745
-0.06672629800336395,0.5806973643948563,-0.029751391770925745
-0.06672629800336395,0.5806973643948563,-0.029751391770925745
-0.06672629800336395,0.5806973643948563,-0.029751391770925745
-0.06672629800336395,0.5806973643948563,-0.029751391770925745
-0.06672629800336395,0.5806973643948563,-0.029751391770925745
-0.06672629800336395,0.5806973643948563,-0.029751391770925745
-0.06679734667519185,0.5808137632180925,-0.02982122985874322
-0.06702473629591632,0.5810523795896756,-0.029922394392735484
-0.06718754885630857,0.5812356659247453,-0.03011807140488012
-0.06725057185220275,0.5814853634105045,-0.030419781672253617
-0.06720412939057863,0.5822320535562575,-0.030946920891969217
-0.06755342053051243,0.5835143655926066,-0.03199774303912953
-0.06766699247335022,0.5857125033976773,-0.03281983623342238
-0.06809153010558551,0.5883360742633797,-0.03336225030370873
-0.06791892353800091,0.5904434303648114,-0.0321873225096635
-0.0677512859534675,0.5939214170846098,-0.03061135869267752
-0.06799200138496711,0.5991202426541499,-0.029158347423602675
-0.06834866716449914,0.6048817371094636,-0.028489698306283562
-0.06875722122689755,0.6112912779000035,-0.0287991750387034
-0.06914993207574595,0.6184780668380003,-0.02959471529004452
-0.0694796002659372,0.6265847390705113,-0.030741422578485243
-0.06974020257549272,0.6357074783637322,-0.031966642300643784
-0.07004187082148064,0.6456275249100157,-0.033169426910290505
-0.07046856754406239,0.655997835245074,-0.03454644461620094
-0.07098629216258337,0.6667979584135116,-0.03587194133648551
-0.07150527978934808,0.678030873811824,-0.036621192560583514
-0.07205743369952126,0.6890069469937536,-0.037528358031229454
-0.0725285763089022,0.6996908371693167,-0.03876884724338525
-0.07288388003299447,0.7103507550193543,-0.039182385665157915
-0.07347855694040668,0.7207730518791838,-0.03865939363023957
-0.07459937871954055,0.7306799430632941,-0.03720342493167596
-0.07604615793522261,0.7397471737865855,-0.03483925844752557
-0.07712933903417372,0.7478094400018619,-0.031879247123794245
-0.07774337976999428,0.7546838159204068,-0.02842225608881941
-0.07850051090876893,0.7599690483288901,-0.024911972706697427
-0.07943772866387497,0.7631962094396645,-0.021918547081130085
-0.08041556758448562,0.7644936871204576,-0.0204747975677684
-0.08199063638015958,0.7641670462553182,-0.0214948521738579
-0.08334782368828662,0.7621798003066842,-0.023481155875765967
-0.08441830107650543,0.7606901841661771,-0.024503874849914602
-0.08484509322054039,0.7597992844041577,-0.027449198499394787
-0.08432730051592556,0.7584664591188395,-0.029507970887677076
-0.08307532560045354,0.7568262223212524,-0.030673636319907726
-0.08332092363798262,0.7553993761691258,-0.031015595721324358
-0.08349445837351986,0.7539510374836004,-0.03128384723919194
-0.083173460615414,0.7525617741513961,-0.031122104614166406
-0.08287268903859173,0.751397969758553,-0.030969988254668467
-0.08267151710628999,0.7503472943898261,-0.03086453441975846
-0.0823301309811085,0.7495279521066794,-0.030620724052683033
-0.08206688183884388,0.7488569858509218,-0.03043328644142966
-0.08184996856641784,0.7482610460024635,-0.030348550562628748
-0.08163535494628232,0.747792903623127,-0.030369934125509528
-0.08148543755703994,0.7474716805061312,-0.030458500103580657
-0.08146127643908571,0.7474347096484942,-0.03036989040965392
-0.08146127643908571,0.7474347096484942,-0.03036989040965392
-0.08146127643908571,0.7474347096484942,-0.03036989040965392
-0.08146127643908571,0.7474347096484942,-0.03036989040965392
-0.08146127643908571,0.7474347096484942,-0.03036989040965392
-0.08146127643908571,0.7474347096484942,-0.03036989040965392
-0.08146127643908571,0.7474347096484942,-0.03036989040965392
-0.08146127643908571,0.7474347096484942,-0.03036989040965392
-0.08146127643908571,0.7474347096484942,-0.03036989040965392
-0.08146127643908571,0.7474347096484942,-0.03036989040965392
-0.08146127643908571,0.7474347096484942,-0.03036989040965392
-0.08146127643908571,0.7474347096484942,-0.03036989040965392
-0.08146127643908571,0.7474347096484942,-0.03036989040965392
-0.08146127643908571,0.7474347096484942,-0.03036989040965392
-0.08146127643908571,0.7474347096484942,-0.03036989040965392
-0.08146127643908571,0.7474347096484942,-0.03036989040965392
-0.08146127643908571,0.7474347096484942,-0.03036989040965392
-0.08146127643908571,0.7474347096484942,-0.03036989040965392
-0.08157855601652049,0.7475868716601699,-0.030388383760598547
-0.08174713373561393,0.7478493365124552,-0.030535870770810512
-0.08186098320347746,0.7479934601020817,-0.030643008610470143
-0.08191135451882091,0.7484981419845841,-0.030870300542645057
-0.08192528592208266,0.7493894614019093,-0.031464408404936785
-0.0819846676297753,0.7515664256356424,-0.03208219047012373
-0.0829023876687182,0.7545777137830963,-0.032038837626899595
-0.08379290656922468,0.7578606166909148,-0.0320702079514068
-0.08475849312726608,0.7617944344754531,-0.031227992107514816
-0.08570168195055566,0.7675339766532125,-0.030353705580108414
-0.0870945289402823,0.7751210336185624,-0.029487090846135502
-0.08878937714509756,0.7835067389897347,-0.029197059759519382
-0.09070185325482977,0.7923671060960716,-0.029680391956923926
-0.0927505084710012,0.8017198955762186,-0.030935879672960742
-0.09483003030884833,0.8117211821593892,-0.032650136759452816
-0.09692280372164855,0.8224524536406157,-0.034587550224576775
-0.09910891473303964,0.8337978292325047,-0.036577690329803444
-0.10138566891692277,0.8455957006785549,-0.03853587120289871
-0.10361983981470287,0.8577345154562377,-0.04035181890233864
-0.10579521202246707,0.8699063099222353,-0.04206851303589821
-0.10785853997820792,0.8817325134205585,-0.044085339751021885
-0.10977439543924025,0.8934635402039464,-0.04574706651367594
-0.11151260946132578,0.9051499311032467,-0.046520074076652276
-0.11318641362888288,0.9164646359268978,-0.04639134304943001
-0.11477250286793325,0.9270442438929797,-0.04537389316782229
-0.11615064296479231,0.9367755081930067,-0.04368821861149894
-0.11752801013572513,0.9455080777354027,-0.0412232365688405
-0.11915449384525835,0.9529485380696894,-0.03864398259632169
-0.12117956869031495,0.9584947169966732,-0.0365278038801771
-0.12291026064919193,0.9619122984672439,-0.0353314742769367
-0.12472415821090885,0.9634318213939214,-0.035889726111428245
-0.12689517422095628,0.9633269145662643,-0.03761006853576346
-0.1285187773923814,0.9620332588004609,-0.040289025966211735
-0.13015378767946834,0.9614499753880513,-0.04202542847866736
-0.13148574027241292,0.960832579773145,-0.045064359734624394
-0.13182679902216546,0.9598402104658611,-0.04724526503174484
-0.13145166535065647,0.9587308747417768,-0.048773318955962534
-0.13248778028939356,0.9576872983369382,-0.04957873396344164
-0.13295408154963118,0.9568888253256038,-0.049560575029001276
-0.13345213708994585,0.9562008826589722,-0.04943509683847146
-0.13354285788007786,0.9555656185987141,-0.04904222611668885
-0.13377167241650018,0.9550682786815994,-0.04867533058179255
-0.13391907808942016,0.954725239419267,-0.04838860154990554
-0.1340129813573467,0.9544793840963307,-0.04808699393745431
-0.1340505763872463,0.9543559097885208,-0.047866428932882746
-0.13405841812817323,0.9543413480114462,-0.047741919684689965
-0.13405841812817323,0.9543413480114462,-0.047741919684689965
-0.13405841812817323,0.9543413480114462,-0.047741919684689965
-0.13405841812817323,0.9543413480114462,-0.047741919684689965
-0.13405841812817323,0.9543413480114462,-0.047741919684689965
-0.13405841812817323,0.9543413480114462,-0.047741919684689965
-0.13405841812817323,0.9543413480114462,-0.047741919684689965
-0.13405841812817323,0.9543413480114462,-0.047741919684689965
-0.13405841812817323,0.9543413480114462,-0.047741919684689965
-0.13405841812817323,0.9543413480114462,-0.047741919684689965
-0.13405841812817323,0.9543413480114462,-0.047741919684689965
-0.13405841812817323,0.9543413480114462,-0.047741919684689965
-0.13405841812817323,0.9543413480114462,-0.047741919684689965
-0.13405841812817323,0.9543413480114462,-0.047741919684689965
-0.13405841812817323,0.9543413480114462,-0.047741919684689965
-0.13405841812817323,0.9543413480114462,-0.047741919684689965
-0.13405841812817323,0.9543413480114462,-0.047741919684689965
-0.13405841812817323,0.9543413480114462,-0.047741919684689965
-0.13405841812817323,0.9543413480114462,-0.047741919684689965
-0.13408629385338308,0.9544211637131932,-0.04778153868968248
-0.13417221254146772,0.9546023879669288,-0.047954844447417266
-0.13427306241982964,0.9548910658250788,-0.04825289847652454
-0.134320301074831,0.9551203991820092,-0.04868150892864366
-0.13427215666196443,0.9553915364243805,-0.04914091799930491
-0.13412185167492752,0.9561039468954383,-0.04984936071666665
-0.13418378677176945,0.957442266104936,-0.051317973242176
-0.13398126291222406,0.9603514163460148,-0.05230917909224443
-0.134235822854534,0.9638336245117591,-0.05327814520741314
-0.1335128689052695,0.9667139031717997,-0.05250394816587939
-0.13270895629582266,0.970163779690926,-0.0508120866366043
-0.13209668638100427,0.9755294872791582,-0.0492630243348784
-0.13187302028064957,0.9815804254645771,-0.048476801379453725
-0.13176633567631305,0.9881778039844626,-0.04870925151628393
-0.13158039495083895,0.9954734324102792,-0.04959188589766256
-0.1312899114556438,1.003584369813153,-0.05104576830689423
-0.130972542830408,1.0125175158682505,-0.052761719740980755
-0.13079601832848506,1.0221236061199652,-0.05456017594813637
-0.13090985044696907,1.0321819729262909,-0.05635457260414207
-0.13127742556142613,1.0425812589331336,-0.05795101880828336
-0.13153540325017699,1.0531505375157635,-0.05920830843561041
-0.13152843947291756,1.0636825091390085,-0.06006005300233105
-0.13127244627776433,1.073912879624066,-0.06064385959491487
-0.13100511868868137,1.0836857407596385,-0.061069322342577066
-0.13078479119428402,1.093137408867026,-0.06096259583819067
-0.13065817976996322,1.1023050329397588,-0.059979465434244046
-0.13068765943929225,1.1109472073657132,-0.058139613416358434
-0.13093863068133,1.1188249277549096,-0.05580545753494322
-0.13144640832407564,1.1258059769786002,-0.05307802246769147
-0.13221800190598526,1.1315489680165203,-0.05010061208349382
-0.13313117852173986,1.1352864721952083,-0.047212935522297585
-0.13388384882300836,1.1369069975177857,-0.04493784529226346
-0.13473189400035673,1.136847736147357,-0.04528726368466533
-0.13567022885075855,1.135435050562724,-0.047275506145247954
-0.13587987839517005,1.1331144775294102,-0.049550397337428255
-0.13636770912548243,1.1316258844264997,-0.05088386508566052
-0.13690831683508295,1.13002706781389,-0.053119739348507077
-0.1360587379439223,1.1281165681353764,-0.054465436595027394
-0.13487640262273456,1.1260719965357895,-0.05530638441177456
-0.135700650224296,1.1237913331648814,-0.055782242153667616
-0.13493314554639027,1.1217466292266454,-0.05535079939968064
-0.13499927068691608,1.119969730926818,-0.05495539727388732
-0.1344586164273689,1.1185019576029396,-0.054261144020888656
-0.1342452158386415,1.1172044536770678,-0.05354837383502516
-0.13406329008350057,1.116078586455065,-0.052851952934539974
-0.1338158102976141,1.1151147884569215,-0.05229250354096389
-0.13362438009344216,1.11443407315605,-0.051667662794782084
-0.13348972736025824,1.113902848804155,-0.05121293583460647
-0.13339259308373172,1.1135403944534417,-0.050884984460017914
-0.13335997048827047,1.113354311723619,-0.0506207604804987
-0.13337033595763031,1.113305137389299,-0.05049285374226718
-0.13337033595763031,1.113305137389299,-0.05049285374226718
-0.13337033595763031,1.113305137389299,-0.05049285374226718
-0.13337033595763031,1.113305137389299,-0.05049285374226718
-0.13337033595763031,1.113305137389299,-0.05049285374226718
-0.13337033595763031,1.113305137389299,-0.05049285374226718
-0.13337033595763031,1.113305137389299,-0.05049285374226718
-0.13337033595763031,1.113305137389299,-0.05049285374226718
-0.13337033595763031,1.113305137389299,-0.05049285374226718
-0.13337033595763031,1.113305137389299,-0.05049285374226718
-0.13337033595763031,1.113305137389299,-0.05049285374226718
-0.13337033595763031,1.113305137389299,-0.05049285374226718
-0.13337033595763031,1.113305137389299,-0.05049285374226718
-0.13337033595763031,1.113305137389299,-0.05049285374226718
-0.13337033595763031,1.113305137389299,-0.05049285374226718
-0.13337033595763031,1.113305137389299,-0.05049285374226718
-0.13337033595763031,1.113305137389299,-0.05049285374226718
-0.13337033595763031,1.113305137389299,-0.05049285374226718
-0.13348367182159365,1.1134255107515207,-0.050549602809068304
-0.13373383224931995,1.1135900838952837,-0.05064200596202911
-0.13392121329814,1.1135707457308661,-0.05079938376843396
-0.1341831553699022,1.1138612663989949,-0.05103909291643067
-0.13432958684561114,1.1145256751702057,-0.051486307840806246
-0.13469718649894166,1.1157994282620118,-0.05231197827058345
-0.13514848408376728,1.1180735521724672,-0.0528205074917052
-0.13566247328629458,1.1207168705700534,-0.05342741684779913
-0.13542903175473153,1.1229151239144146,-0.052290360908311385
-0.13530969182852826,1.126360979833696,-0.050706446843589985
-0.1351933612271149,1.131680189434435,-0.04910816191573237
-0.13521101885477377,1.1379657532503875,-0.04805318674486966
-0.13523496534300675,1.144699007786907,-0.04813849596176262
-0.135196386798871,1.1518222160237073,-0.049124326668811454
-0.13499002011872221,1.1595851892997597,-0.050824299286631486
-0.13466619931341048,1.1683201497544362,-0.0526040595569417
-0.13440351189465555,1.1778676974663764,-0.054178672612328616
-0.1343402264167138,1.187889547326618,-0.05575264390420768
-0.1345071882570752,1.1982086398743101,-0.057240731140434896
-0.13480272248915562,1.2086975568014522,-0.05844468296599017
-0.13493233176831443,1.2188363937685245,-0.05982950234797538
-0.13480016942481948,1.228691038520527,-0.06112408302628662
-0.1345241360624657,1.2384144041671852,-0.061719263851690555
-0.13443124938449816,1.2477933598004103,-0.06141773899767164
-0.13463495587010024,1.2566361017985392,-0.06024394262889146
-0.13491784568807344,1.2646649647685766,-0.058218818033038945
-0.13531952535879513,1.2717548773143585,-0.055752653288224124
-0.1359231504119937,1.2777291132812691,-0.052884182363555854
-0.13684161508235507,1.2821592647582176,-0.050165037383423906
-0.13782428701111596,1.2845070343209481,-0.047980178698441345
-0.13895954887067002,1.2850019384558033,-0.04747096653988043
-0.1402917998787268,1.2838005955783058,-0.0493808759080297
-0.14170942054253946,1.281330105551844,-0.05100732925866198
-0.14309289196101888,1.279476975138936,-0.052211534494529796
-0.14466301720016733,1.2789261363904798,-0.053952163833860714
-0.14555034671128886,1.27817271779898,-0.05593550179385422
-0.1445760894945712,1.2770366729999976,-0.05699728433358513
-0.14475718856817066,1.275877298184285,-0.05724505516282031
-0.14567714247226635,1.2746844324662083,-0.05774559520564461
-0.14537235984178115,1.2734828059273946,-0.05737221959219197
-0.145654744034305,1.272439352113127,-0.05700251280411185
-0.14561628010196345,1.2715058809524897,-0.05632308990583519
-0.14561767790319252,1.27079568887652,-0.05570564679931365
-0.14561662913907897,1.2702464312451012,-0.05517429519696879
-0.14554252719450744,1.2698482615075093,-0.05472107882424161
-0.14551775753531618,1.2696146172663485,-0.05438734877265004
-0.14554193381586525,1.2695555483891763,-0.05425828393728494
-0.14554193381586525,1.2695555483891763,-0.05425828393728494
-0.14554193381586525,1.2695555483891763,-0.05425828393728494
-0.14554193381586525,1.2695555483891763,-0.05425828393728494
-0.14554193381586525,1.2695555483891763,-0.05425828393728494
-0.14554193381586525,1.2695555483891763,-0.05425828393728494
-0.14554193381586525,1.2695555483891763,-0.05425828393728494
-0.14554193381586525,1.2695555483891763,-0.05425828393728494
-0.14554193381586525,1.2695555483891763,-0.05425828393728494
-0.14554193381586525,1.2695555483891763,-0.05425828393728494
-0.14554193381586525,1.2695555483891763,-0.05425828393728494
-0.14554193381586525,1.2695555483891763,-0.05425828393728494
-0.14554193381586525,1.2695555483891763,-0.05425828393728494
-0.14554193381586525,1.2695555483891763,-0.05425828393728494
-0.14554193381586525,1.2695555483891763,-0.05425828393728494
-0.14554193381586525,1.2695555483891763,-0.05425828393728494
-0.14554193381586525,1.2695555483891763,-0.05425828393728494
-0.14554193381586525,1.2695555483891763,-0.05425828393728494
-0.14554193381586525,1.2695555483891763,-0.05425828393728494
-0.1456765485781494,1.2696171771835263,-0.054255753168782075
-0.14584994140920624,1.2698597434785983,-0.05429377328260678
-0.14592859285538906,1.2700798132883022,-0.05423365666732777
-0.1459014010271849,1.2704229030471674,-0.054191681221519405
-0.14564559021125015,1.2711357738642448,-0.054257107577364176
-0.14531727743589928,1.2724766225102717,-0.054958663893473134
-0.14459504202422283,1.2752039331161487,-0.055518811569413566
-0.14432962858452142,1.2785786633996938,-0.055811574978652086
-0.14389334077050434,1.2820913328299042,-0.05550263679288229
-0.14442803210495547,1.2860799540444847,-0.054146556174056046
-0.14486920357696212,1.2922808882003012,-0.053286826305023585
-0.14549823052290284,1.2989323075092087,-0.053495449057884475
-0.14613279561485884,1.305992929831083,-0.054758725332998144
-0.14655791661791467,1.3136416209700066,-0.056794952670630706
-0.14679035634867335,1.3221827041288212,-0.05925330407443672
-0.14695704573137244,1.3316627827787584,-0.06179924274158548
-0.14726135408038954,1.3419436204666741,-0.0643167500053477
-0.1478906767247679,1.3527612808841776,-0.06677796696627851
-0.14882257897545503,1.3638578256113998,-0.06930973170941782
-0.14989047129663916,1.375203270768162,-0.07166571867449585
-0.15089025201660244,1.3865103782246362,-0.0738810050481289
-0.15163838307251498,1.397534634803125,-0.07626791617958233
-0.1521175255896319,1.4085490318515324,-0.078183645517531
-0.152340347950457,1.4194870093256895,-0.07913702874470692
-0.15255578170320558,1.4301110457801454,-0.07914385255556737
-0.1529739441999502,1.440125142753423,-0.0782741116025286
-0.15343773029668697,1.4494220184694004,-0.07661928613232905
-0.15384365336525624,1.4578984952836231,-0.07440329712305978
-0.1544158888123451,1.4653352088366511,-0.07198260892141141
-0.15545541906884097,1.4713648526166025,-0.06971232917294579
-0.15673717821407432,1.4754039444314753,-0.06806380556732333
-0.1579355667229505,1.47750127092595,-0.06782141909201843
-0.1593228135396733,1.4779592083032729,-0.06925990407482654
-0.160884738313161,1.477344498432411,-0.07099337663590069
-0.16212231951844444,1.4761851206871188,-0.07335969565168558
-0.1629720425225422,1.4759988923859704,-0.07490766525091885
-0.16349061589272987,1.4755424832824255,-0.07737732291469258
-0.16329358838781138,1.4748898381568851,-0.07890095949751218
-0.16374129001657015,1.4741610197544601,-0.0797177280628522
-0.16465374468874824,1.4732430609429428,-0.0802457450749947
-0.16465649026766507,1.4723645761993336,-0.08026094551679978
-0.16498774142791406,1.4715675537807178,-0.08043237102880649
-0.16512400372000335,1.4708634530746927,-0.08045170184694704
-0.1652254076800571,1.470295065517169,-0.08019666241879919
-0.1653440432790721,1.4699123611879705,-0.08005529259615322
-0.16545546968901095,1.4696735206101916,-0.07993397621529105
-0.16554163988238374,1.4696013995260733,-0.07986390072285507
-0.16554163988238374,1.4696013995260733,-0.07986390072285507
-0.16554163988238374,1.4696013995260733,-0.07986390072285507
-0.16554163988238374,1.4696013995260733,-0.07986390072285507
-0.16554163988238374,1.4696013995260733,-0.07986390072285507
-0.16554163988238374,1.4696013995260733,-0.07986390072285507
-0.16554163988238374,1.4696013995260733,-0.07986390072285507
-0.16554163988238374,1.4696013995260733,-0.07986390072285507
-0.16554163988238374,1.4696013995260733,-0.07986390072285507
-0.16554163988238374,1.4696013995260733,-0.07986390072285507
-0.16554163988238374,1.4696013995260733,-0.07986390072285507
-0.16554163988238374,1.4696013995260733,-0.07986390072285507
-0.16554163988238374,1.4696013995260733,-0.07986390072285507
-0.16554163988238374,1.4696013995260733,-0.07986390072285507
-0.16554163988238374,1.4696013995260733,-0.07986390072285507
-0.16554163988238374,1.4696013995260733,-0.07986390072285507
-0.16554163988238374,1.4696013995260733,-0.07986390072285507
-0.16554163988238374,1.4696013995260733,-0.07986390072285507
-0.16554163988238374,1.4696013995260733,-0.07986390072285507
-0.16554163988238374,1.4696013995260733,-0.07986390072285507
-0.16554163988238374,1.4696013995260733,-0.07986390072285507
-0.16554163988238374,1.4696013995260733,-0.07986390072285507
-0.16554163988238374,1.4696013995260733,-0.07986390072285507
-0.16554163988238374,1.4696013995260733,-0.07986390072285507
-0.16565512856280276,1.4697148941687403,-0.07981773992138534
-0.16574274631547706,1.469917185383578,-0.07976910870192984
-0.16586490305210466,1.4703060766584575,-0.07979482187015896
-0.16582663932934266,1.4710956190734195,-0.08006298461633989
-0.1656377959564077,1.4726133493500366,-0.08056098119820565
-0.1650381570626435,1.475369524432957,-0.0813244803976629
-0.16451757658740884,1.4787423565500573,-0.08217333856903572
-0.16396018970829215,1.4815093845024778,-0.08136376326903987
-0.1638354823282938,1.485353118782215,-0.07993606598199306
-0.16381146126076443,1.490534146778976,-0.079096425206347
-0.16380507010424675,1.4962473066599582,-0.07942970287214121
-0.16347165216170165,1.5025072646774245,-0.08076725398859198
-0.16280270186943968,1.5095876474520094,-0.08261926763789842
-0.16183648854590427,1.5176689268993981,-0.08485042374875768
-0.16067400183676575,1.5267994319134046,-0.087076679379035
-0.159522528800504,1.5368420013692388,-0.08912800895298174
-0.15859808117217397,1.5474117439618318,-0.09124766747250992
-0.15795592290902238,1.5583272505637926,-0.09346792247888076
-0.15742631380448538,1.5695147548917794,-0.09561701421723456
-0.1568324244144063,1.5805458875177871,-0.09799769103004385
-0.15612990881826186,1.5915301638613137,-0.10016135132900476
-0.15546185359582734,1.6025156848378457,-0.1014033603848706
-0.15515267285707177,1.613307611919056,-0.1017473906941873
-0.1553813973049957,1.623512377280903,-0.101209725222661
-0.1560261213129144,1.6329362679814905,-0.0998103135784027
-0.15664450400352475,1.6413912241544952,-0.09756111580144153
-0.1569457946168007,1.6486581186248945,-0.0947665874127584
-0.15720400685346192,1.6544314711509924,-0.0919072779617652
-0.15785658997650195,1.6582403224172662,-0.08960884471643316
-0.1586877161326288,1.6601131915458864,-0.08839026123061243
-0.16000864909232607,1.6602923687475142,-0.08895949905066267
-0.16194430311771627,1.6588765438665243,-0.09063615231174474
-0.16312083055157464,1.6574124410189535,-0.09177492922130441
-0.16435975737215414,1.6574061553069313,-0.09307431045412616
-0.16566710952603403,1.6570888822643992,-0.0952981232547367
-0.16554608342934188,1.656228161511955,-0.0965214781479951
-0.16499348296457605,1.6553198253509975,-0.09681776728442198
-0.16595062818365364,1.6540827597126173,-0.09722495511396873
-0.16558131012904276,1.6530216263497681,-0.09687460173855414
-0.16595595615873548,1.6520816748855227,-0.09677937389395058
-0.1660135031084362,1.6512788413735815,-0.09654206416340055
-0.16598118052030608,1.6505767287153776,-0.09624411656838819
-0.16604445975563134,1.6499890711298588,-0.09595919225426486
-0.16609656331943234,1.6495841244846807,-0.09574745105246575
-0.16612664189120957,1.649353220517937,-0.09558834109410871
-0.16619271925585233,1.64927959356262,-0.09550524279962104
-0.16619271925585233,1.64927959356262,-0.09550524279962104
-0.16619271925585233,1.64927959356262,-0.09550524279962104
-0.16619271925585233,1.64927959356262,-0.09550524279962104
-0.16619271925585233,1.64927959356262,-0.09550524279962104
-0.16619271925585233,1.64927959356262,-0.09550524279962104
-0.16619271925585233,1.64927959356262,-0.09550524279962104
-0.16619271925585233,1.64927959356262,-0.09550524279962104
-0.16619271925585233,1.64927959356262,-0.09550524279962104
-0.16619271925585233,1.64927959356262,-0.09550524279962104
-0.16619271925585233,1.64927959356262,-0.09550524279962104
-0.16619271925585233,1.64927959356262,-0.09550524279962104
-0.16619271925585233,1.64927959356262,-0.09550524279962104
-0.16619271925585233,1.64927959356262,-0.09550524279962104
-0.16619271925585233,1.64927959356262,-0.09550524279962104
-0.16619271925585233,1.64927959356262,-0.09550524279962104
-0.16619271925585233,1.64927959356262,-0.09550524279962104
-0.16619271925585233,1.64927959356262,-0.09550524279962104
-0.16619271925585233,1.64927959356262,-0.09550524279962104
-0.16619271925585233,1.64927959356262,-0.09550524279962104
-0.16619271925585233,1.64927959356262,-0.09550524279962104
-0.16619271925585233,1.64927959356262,-0.09550524279962104
-0.16628720446172005,1.649333898167295,-0.09552665274578988
-0.16644373309998584,1.6495446211261326,-0.09565041952249412
-0.16656249464540412,1.649787951494697,-0.09582153697437747
-0.1665725593193126,1.6501158467535753,-0.09601878416337778
-0.16641921100193527,1.6508827868545544,-0.096439064589677
-0.16636915442450842,1.6521949597536973,-0.09733340658181995
-0.1659366774577341,1.6549986197625999,-0.09787339677150625
-0.16612765213451267,1.6582315900021325,-0.09824274284007782
-0.16590524059551146,1.660719294701491,-0.09692186227255836
-0.16602219158368695,1.663790869080836,-0.09473870991215942
-0.16636425046122166,1.6685865204437065,-0.09246472262660535
-0.1668597418763263,1.6742910361211392,-0.0906085906662985
-0.16726085585003153,1.6807606569445126,-0.08966653271021024
-0.16748522649767605,1.6881034802653963,-0.08906850154099381
-0.16743164916618114,1.6963833490697755,-0.08878037184475002
-0.16718078916530446,1.7053803277536812,-0.08881818437338077
-0.1669623987938084,1.7149990050094142,-0.08905050723916227
-0.16697160888056387,1.7252325141086329,-0.08918667222971771
-0.16713219835187024,1.7358851672407059,-0.08922491552060932
-0.16726632749909984,1.7467697191867082,-0.08907387060682662
-0.16718657535239315,1.7571880815679426,-0.08953797273244239
-0.16697988992223467,1.7673588989030649,-0.09042422761910268
-0.16671758196983724,1.7776524886985436,-0.09042983694110053
-0.16658360024901675,1.787620736103592,-0.08953897037001178
-0.16679009385979657,1.7970283120959418,-0.08778318034900696
-0.1671925271445363,1.8055749187999663,-0.08527887519601031
-0.1672940312308478,1.8131680521516387,-0.08207564363304251
-0.16699272015629504,1.819675959840453,-0.07840900203884656
-0.16686713692101057,1.8248040469103712,-0.0749150410296185
-0.16727455530366836,1.8280489760539724,-0.07226642690293197
-0.16784012673705828,1.8293264101537887,-0.07072236228603596
-0.16886469902061768,1.8289126328845766,-0.07106693803227153
-0.17047747781819234,1.8270459864236723,-0.0724390497455603
-0.17149647639843693,1.8248869449825726,-0.07396150446958036
-0.17254320521147332,1.8240317743896555,-0.07582000676636882
-0.17326883959713307,1.8231171868809564,-0.07905787649982593
-0.17280107028276187,1.8216091153408709,-0.08135045506440401
-0.17174476806550976,1.8200535465974328,-0.08274723275846711
-0.17256910235042802,1.8186368691627999,-0.08342652886693129
-0.1727560294241862,1.8176050362989233,-0.08383557945111086
-0.17298265610883276,1.816740409208194,-0.0836060713464795
-0.17299013450645703,1.8161070623631939,-0.08323200119402993
-0.17318316827103797,1.8155648688017672,-0.08280089198637872
-0.17325411467951699,1.815205242607261,-0.08239102560813387
-0.17333348889160527,1.814929155074694,-0.08199857286945494
-0.17341218278710827,1.8147605166877319,-0.08173806803515832
-0.1734873589647602,1.8147001464833539,-0.08162192131301879
-0.1734873589647602,1.8147001464833539,-0.08162192131301879
-0.1734873589647602,1.8147001464833539,-0.08162192131301879
-0.1734873589647602,1.8147001464833539,-0.08162192131301879
-0.1734873589647602,1.8147001464833539,-0.08162192131301879
-0.1734873589647602,1.8147001464833539,-0.08162192131301879
-0.1734873589647602,1.8147001464833539,-0.08162192131301879
-0.1734873589647602,1.8147001464833539,-0.08162192131301879
-0.1734873589647602,1.8147001464833539,-0.08162192131301879
-0.1734873589647602,1.8147001464833539,-0.08162192131301879
-0.1734873589647602,1.8147001464833539,-0.08162192131301879
-0.1734873589647602,1.8147001464833539,-0.08162192131301879
-0.1734873589647602,1.8147001464833539,-0.08162192131301879
-0.1734873589647602,1.8147001464833539,-0.08162192131301879
-0.1734873589647602,1.8147001464833539,-0.08162192131301879
-0.1734873589647602,1.8147001464833539,-0.08162192131301879
-0.1734873589647602,1.8147001464833539,-0.08162192131301879
-0.1734873589647602,1.8147001464833539,-0.08162192131301879
-0.1734873589647602,1.8147001464833539,-0.08162192131301879
-0.1734873589647602,1.8147001464833539,-0.08162192131301879
-0.1734873589647602,1.8147001464833539,-0.08162192131301879
-0.1734873589647602,1.8147001464833539,-0.08162192131301879
-0.1734873589647602,1.8147001464833539,-0.08162192131301879
-0.17357729462904078,1.8148038131438422,-0.08162207325207012
-0.17381515542679069,1.8149439965080796,-0.0817325450317098
-0.17394606945168728,1.8149060436939608,-0.08182764724482308
-0.17395113965150139,1.8153150947520509,-0.08206923109552813
-0.17392784859216506,1.8160568481798924,-0.08278223404143446
-0.17355000945341834,1.8179398491380656,-0.08411005684299913
-0.17385494661594916,1.8205284296011417,-0.08505062676830276
-0.17385331798960996,1.8234589682570184,-0.08589800709239732
-0.17431925641098062,1.8269132506017183,-0.08575026185803857
-0.17461857607256442,1.8322922528588104,-0.08547774418995364
-0.17531670462325083,1.8391733760928486,-0.08549549746074435
-0.17633925974202766,1.846600902579628,-0.08614778621761449
-0.17745506045985265,1.8544653944520082,-0.0877166602018772
-0.1785198675553201,1.8628269252287137,-0.08993247591266836
-0.17939733500559485,1.8718482101379974,-0.09250760544970002
-0.180070805776743,1.8816821101984054,-0.09506584211739308
-0.18056816324923133,1.8923214355538474,-0.09727199445133101
-0.18081671793171455,1.9033580540713264,-0.09907692232263135
-0.18103294762990577,1.914454947298729,-0.10053113143292336
-0.18112855070556316,1.925426290971483,-0.10162586501907393
-0.18104696953952915,1.9359598525451698,-0.10261017683910154
-0.1809711912352388,1.945958886829221,-0.10367782182912755
-0.18104015368525606,1.9555877108230217,-0.10450816359944304
-0.18137201920260687,1.9649774273772072,-0.10440261745193616
-0.1820701440649613,1.9739094961271173,-0.10337652317330959
-0.1831700730378558,1.9821722145311915,-0.10146883269775614
-0.18439020919819435,1.9896263524240674,-0.09918959963653433
-0.185611539632624,1.9961045194897062,-0.09673415536895523
-0.18703620668267584,2.0011776794137863,-0.09427688708407447
-0.18841408420876676,2.0041498567067784,-0.09221986715797138
-0.18956328783853418,2.005096988598143,-0.0913692277006765
-0.19136922017214164,2.004575516515618,-0.0932458539654639
-0.19207787597460632,2.003013161982144,-0.09593489412943544
-0.19306684002000152,2.002738036889715,-0.09757258572155161
-0.19434286553016192,2.002246267913267,-0.10025827135773697
-0.1945456667397936,2.001522581890961,-0.10194035650766553
-0.19429652355521657,2.000590080672076,-0.1031356502260771
-0.19537724046470342,1.9994224371873712,-0.10388073419363315
-0.19507730037562618,1.9982397192931871,-0.10372461812865678
-0.19532094540514996,1.997297085057775,-0.10372501405188324
-0.19545515098873137,1.9965547447757697,-0.10359358957669583
-0.19556431269804275,1.9959689736437312,-0.10345234990622043
-0.19576029263539632,1.995520092320647,-0.10331558417538833
-0.19589916222812093,1.9952440197774486,-0.10322257651547102
-0.19597899069648547,1.9951746412662914,-0.10316958828862495
-0.19597899069648547,1.9951746412662914,-0.10316958828862495
-0.19597899069648547,1.9951746412662914,-0.10316958828862495
-0.19597899069648547,1.9951746412662914,-0.10316958828862495
-0.19597899069648547,1.9951746412662914,-0.10316958828862495
-0.19597899069648547,1.9951746412662914,-0.10316958828862495
-0.19597899069648547,1.9951746412662914,-0.10316958828862495
-0.19597899069648547,1.9951746412662914,-0.10316958828862495
-0.19597899069648547,1.9951746412662914,-0.10316958828862495
-0.19597899069648547,1.9951746412662914,-0.10316958828862495
-0.19597899069648547,1.9951746412662914,-0.10316958828862495
-0.19597899069648547,1.9951746412662914,-0.10316958828862495
-0.19597899069648547,1.9951746412662914,-0.10316958828862495
-0.19597899069648547,1.9951746412662914,-0.10316958828862495
-0.19597899069648547,1.9951746412662914,-0.10316958828862495
-0.19597899069648547,1.9951746412662914,-0.10316958828862495
-0.19597899069648547,1.9951746412662914,-0.10316958828862495
-0.19597899069648547,1.9951746412662914,-0.10316958828862495
-0.19597899069648547,1.9951746412662914,-0.10316958828862495
-0.19597899069648547,1.9951746412662914,-0.10316958828862495
-0.19597899069648547,1.9951746412662914,-0.10316958828862495
-0.19597899069648547,1.9951746412662914,-0.10316958828862495
-0.19597899069648547,1.9951746412662914,-0.10316958828862495
-0.19597899069648547,1.9951746412662914,-0.10316958828862495
-0.19597899069648547,1.9951746412662914,-0.10316958828862495
-0.19597899069648547,1.9951746412662914,-0.10316958828862495
-0.19597899069648547,1.9951746412662914,-0.10316958828862495
-0.19597899069648547,1.9951746412662914,-0.10316958828862495
-0.19597899069648547,1.9951746412662914,-0.10316958828862495
-0.19597899069648547,1.9951746412662914,-0.10316958828862495
-0.19597899069648547,1.9951746412662914,-0.10316958828862495
-0.1960031546966662,1.995168951837693,-0.10313431046035777
-0.1958802919348744,1.995274760031486,-0.10312786092870026
-0.19571565836368607,1.9953699962853653,-0.10305736393348137
-0.19538418282579603,1.995643524067243,-0.10284989169847966
-0.19501605480144676,1.9960037843691636,-0.10242009169713653
-0.1948218026104548,1.9972607615067566,-0.1016873979016067
-0.19533764122005942,1.9995370408966546,-0.10022022180079848
-0.19589012496896235,2.0026591792450175,-0.09904068508788727
-0.19639276339833694,2.006361385081909,-0.0981597995957216
-0.1966773879795684,2.010768844565383,-0.09733408403232251
-0.19681808255262875,2.0157220771864837,-0.09653293693951243
-0.1970203693433542,2.0210358779762685,-0.09595428886867322
-0.19747248741237483,2.0265829537904976,-0.09556096880233665
-0.1982268882652718,2.0322255045933413,-0.09526110710450313
-0.19914724812185397,2.037832710069781,-0.09484794847283429
-0.20009671817079266,2.043171528174024,-0.09416156375432487
-0.20089653211629588,2.0479796724227,-0.09321535687797085
-0.20163420073012975,2.0520483432852132,-0.0921177448478693
-0.2023277484698333,2.0551377734845775,-0.0910480932865605
-0.20318075904154415,2.0562235325735068,-0.09284956978484195
-0.20382939602108563,2.055517032117394,-0.09336607618433032
-0.20478279174160438,2.0552551064806797,-0.092898946999794
-0.20574536751630657,2.055955736260554,-0.09355821775813616
-0.20649236821252787,2.055700508664554,-0.09319234637155033
-0.20683398116363816,2.0556158299504244,-0.09373668977467825
-0.20726969088579808,2.055460674207737,-0.09407382785834022
-0.2076189056984398,2.0554029096670177,-0.09434819248271224
-0.20788173825506515,2.0553592608206595,-0.09453331214913967
-0.2081143633529243,2.055350491754775,-0.09468747763494517
-0.20830765281150884,2.0553740027886964,-0.09480286712683773
-0.2084465085231229,2.0554094847609004,-0.0948458581554913
-0.2084465085231229,2.0554094847609004,-0.0948458581554913
-0.2084465085231229,2.0554094847609004,-0.0948458581554913
-0.2084465085231229,2.0554094847609004,-0.0948458581554913
-0.2084465085231229,2.0554094847609004,-0.0948458581554913
-0.2084465085231229,2.0554094847609004,-0.0948458581554913
-0.2084465085231229,2.0554094847609004,-0.0948458581554913
-0.2084465085231229,2.0554094847609004,-0.0948458581554913
-0.2084465085231229,2.0554094847609004,-0.0948458581554913
-0.2084465085231229,2.0554094847609004,-0.0948458581554913
-0.2084465085231229,2.0554094847609004,-0.0948458581554913
-0.2084465085231229,2.0554094847609004,-0.0948458581554913
-0.2084465085231229,2.0554094847609004,-0.0948458581554913
-0.2084465085231229,2.0554094847609004,-0.0948458581554913
-0.2084465085231229,2.0554094847609004,-0.0948458581554913
-0.2084465085231229,2.0554094847609004,-0.0948458581554913
-0.2084465085231229,2.0554094847609004,-0.0948458581554913
-0.2084465085231229,2.0554094847609004,-0.0948458581554913
-0.2084465085231229,2.0554094847609004,-0.0948458581554913
-0.2084465085231229,2.0554094847609004,-0.0948458581554913
-0.2084465085231229,2.0554094847609004,-0.0948458581554913
-0.2084465085231229,2.0554094847609004,-0.0948458581554913
-0.2084465085231229,2.0554094847609004,-0.0948458581554913
-0.2084465085231229,2.0554094847609004,-0.0948458581554913
-0.2084465085231229,2.0554094847609004,-0.0948458581554913
-0.2084465085231229,2.0554094847609004,-0.0948458581554913
-0.2084465085231229,2.0554094847609004,-0.0948458581554913
-0.2084465085231229,2.0554094847609004,-0.0948458581554913
-0.2084465085231229,2.0554094847609004,-0.0948458581554913
-0.2084465085231229,2.0554094847609004,-0.0948458581554913
-0.2084465085231229,2.0554094847609004,-0.0948458581554913
-0.2084465085231229,2.0554094847609004,-0.0948458581554913
-0.2084465085231229,2.0554094847609004,-0.0948458581554913
-0.2084465085231229,2.0554094847609004,-0.0948458581554913
-0.2084465085231229,2.0554094847609004,-0.0948458581554913
-0.2084465085231229,2.0554094847609004,-0.0948458581554913
-0.2084465085231229,2.0554094847609004,-0.0948458581554913
-0.2084465085231229,2.0554094847609004,-0.0948458581554913
-0.2084465085231229,2.0554094847609004,-0.0948458581554913
-0.2084465085231229,2.0554094847609004,-0.0948458581554913
-0.2084465085231229,2.0554094847609004,-0.0948458581554913
-0.2084465085231229,2.0554094847609004,-0.0948458581554913
-0.2084465085231229,2.0554094847609004,-0.0948458581554913
-0.2084465085231229,2.0554094847609004,-0.0948458581554913
-0.2084465085231229,2.0554094847609004,-0.0948458581554913
-0.2084465085231229,2.0554094847609004,-0.0948458581554913
-0.2084465085231229,2.0554094847609004,-0.0948458581554913
-0.2084465085231229,2.0554094847609004,-0.0948458581554913
-0.2084465085231229,2.0554094847609004,-0.0948458581554913
-0.2084465085231229,2.0554094847609004,-0.0948458581554913
-0.2084465085231229,2.0554094847609004,-0.0948458581554913
-0.2084465085231229,2.0554094847609004,-0.0948458581554913
-0.2084465085231229,2.0554094847609004,-0.0948458581554913
-0.2084465085231229,2.0554094847609004,-0.0948458581554913
-0.2084465085231229,2.0554094847609004,-0.0948458581554913
-0.2084465085231229,2.0554094847609004,-0.0948458581554913
-0.2084465085231229,2.0554094847609004,-0.0948458581554913
-0.2084465085231229,2.0554094847609004,-0.0948458581554913
-0.2084465085231229,2.0554094847609004,-0.0948458581554913
-0.2084465085231229,2.0554094847609004,-0.0948458581554913
-0.2084465085231229,2.0554094847609004,-0.0948458581554913
-0.2084465085231229,2.0554094847609004,-0.0948458581554913
-0.2084465085231229,2.0554094847609004,-0.0948458581554913
-0.2084465085231229,2.0554094847609004,-0.0948458581554913
-0.2084465085231229,2.0554094847609004,-0.0948458581554913
-0.2084465085231229,2.0554094847609004,-0.0948458581554913
-0.2084465085231229,2.0554094847609004,-0.0948458581554913
-0.2084465085231229,2.0554094847609004,-0.0948458581554913
-0.2084465085231229,2.0554094847609004,-0.0948458581554913
-0.2084465085231229,2.0554094847609004,-0.0948458581554913
-0.2084465085231229,2.0554094847609004,-0.0948458581554913
-0.2084465085231229,2.0554094847609004,-0.0948458581554913
-0.2084465085231229,2.0554094847609004,-0.0948458581554913
-0.2084465085231229,2.0554094847609004,-0.0948458581554913
-0.2084465085231229,2.0554094847609004,-0.0948458581554913
-0.2084465085231229,2.0554094847609004,-0.0948458581554913
-0.2084465085231229,2.0554094847609004,-0.0948458581554913
-0.2084465085231229,2.0554094847609004,-0.0948458581554913
-0.2084465085231229,2.0554094847609004,-0.0948458581554913
-0.2084465085231229,2.0554094847609004,-0.0948458581554913
-0.2084465085231229,2.0554094847609004,-0.0948458581554913
-0.2084465085231229,2.0554094847609004,-0.0948458581554913
-0.2084465085231229,2.0554094847609004,-0.0948458581554913
-0.2084465085231229,2.0554094847609004,-0.0948458581554913
-0.2084465085231229,2.0554094847609004,-0.0948458581554913
