Packet number,Gyroscope X (deg/s),Gyroscope Y (deg/s),Gyroscope Z (deg/s),Accelerometer X (g),Accelerometer Y (g),Accelerometer Z (g)
0,-0.244144,0.0,0.0,0.003418,-0.014527000000000002,0.996841
2,0.0,0.0,0.0,0.006104,-0.017212,1.011002
4,0.0,0.183108,0.0,0.00415,-0.016968,1.0008700000000001
6,0.061036,0.061036,-0.122072,0.003906,-0.014282,0.9948879999999999
8,-0.366217,-0.244144,-0.122072,0.001465,-0.0177,1.0040440000000002
10,-0.183108,0.0,-0.122072,0.004273,-0.017334,1.006485
12,0.0,0.061036,0.061036,0.008667,-0.015137000000000001,1.0036770000000002
14,0.061036,0.122072,-0.122072,0.010376,-0.017945,1.00441
16,0.30518,0.30518,-0.122072,0.003418,-0.020996,0.9987950000000001
18,0.48828900000000003,0.30518,-0.122072,-0.0028079999999999997,-0.018067,0.997574
20,1.159686,0.061036,0.0,0.011597,-0.0051270000000000005,0.985245
22,1.037613,0.183108,0.0,0.0031739999999999997,-0.013306,0.991226
24,-0.549325,-0.061036,-0.122072,0.006836,-0.025635,1.010147
26,-0.549325,0.0,0.061036,0.001831,-0.010864,0.9900049999999999
28,0.183108,0.183108,0.0,0.007568000000000001,-0.01355,1.0112459999999999
30,-0.48828900000000003,0.183108,0.0,-0.0023190000000000003,-0.028808999999999998,1.01088
32,-0.671397,-0.061036,0.0,0.0008550000000000001,-0.017212,0.996719
34,0.0,-0.183108,-0.183108,0.003052,-0.016602000000000002,0.9945219999999999
36,0.9155409999999999,-0.671397,-0.122072,0.020752,0.000488,1.000626
38,0.48828900000000003,-0.183108,0.0,0.005371,-0.021729,1.0085600000000001
40,-1.70901,-0.30518,0.061036,0.01001,-0.029786,1.0164950000000001
42,-1.159686,-0.427253,0.0,0.011475,-0.01294,1.01149
44,-0.061036,-0.6103609999999999,0.0,0.021118,-0.013916,1.009781
46,0.183108,-0.671397,-0.122072,0.009644,-0.009155,1.0040440000000002
48,0.6103609999999999,-0.6103609999999999,-0.244144,0.025025,-0.017945,1.006851
50,1.281758,-0.6103609999999999,-0.122072,0.026001,-0.008423,1.017716
52,0.366217,-0.48828900000000003,0.0,0.008057,-0.018067,1.01442
54,-0.366217,-0.183108,0.0,0.009155,-0.022827,1.017716
56,2.563516,1.037613,0.061036,0.016236,-0.017578,1.020157
58,6.2867169999999994,2.197299,0.061036,0.007812999999999999,-0.024903,1.016983
60,9.399557000000001,2.136263,0.061036,-0.0031739999999999997,-0.013306,1.004166
62,6.836042,0.427253,-0.366217,-0.0070799999999999995,0.030396,0.968887
64,4.150454,-0.6103609999999999,-0.366217,0.011231,-0.011109,1.009415
66,4.455634,0.30518,0.061036,0.00415,-0.005493,1.0011139999999998
68,4.699779,0.732433,0.183108,-0.002075,-0.002564,1.006363
70,5.371176,0.30518,0.061036,0.018067,0.0037840000000000005,1.002335
72,4.882887,-0.244144,-0.427253,-0.009155,0.0015869999999999999,0.989883
74,3.6011290000000002,-1.40383,-0.366217,0.00415,0.008423,1.008804
76,3.173877,-1.953155,-0.48828900000000003,-0.0035399999999999997,0.00293,0.988785
78,3.6011290000000002,-1.8310830000000002,-0.30518,0.012085,0.003296,1.010758
80,3.6621650000000003,-0.976577,-0.122072,0.001465,0.008789,0.999771
82,3.356985,-0.9155409999999999,0.0,0.010498,0.012206999999999999,0.995865
84,3.234913,0.30518,0.183108,-0.00061,0.001099,0.998184
86,3.1128400000000003,0.549325,0.671397,0.007691,0.011109,1.001724
88,3.90631,0.48828900000000003,0.976577,0.000366,0.010620000000000001,0.997574
90,4.5166699999999995,-0.48828900000000003,0.976577,-0.002441,0.020386,0.9817040000000001
92,3.173877,-1.7700470000000001,0.671397,-0.001953,0.021729,0.9741360000000001
94,-0.122072,-2.624552,0.427253,0.000244,0.019532,0.968521
96,-1.464866,-2.990768,0.183108,0.018921,0.022338999999999998,1.0042879999999998
98,2.746624,-1.09865,0.48828900000000003,0.021729,0.0023190000000000003,1.02504
100,3.967346,-0.671397,0.793469,0.006958,0.022827,1.00148
102,2.80766,-2.319371,0.671397,0.0,0.034668,0.9500879999999999
104,-0.854505,-3.784237,-0.122072,0.025269,0.013184,0.9994049999999999
106,1.70901,-1.159686,0.0,0.021606999999999998,0.020263999999999997,1.026993
108,0.671397,0.061036,0.183108,0.013184,0.020996,0.9976959999999999
110,2.685588,0.48828900000000003,0.183108,0.018189,0.0037840000000000005,1.026627
112,4.150454,0.366217,0.0,0.006714,0.04065,0.966201
114,-1.586938,-1.281758,-0.549325,0.018677000000000003,0.034058,0.969375
116,-4.577707,0.061036,-0.427253,0.032105,0.01709,1.010758
118,-3.418021,2.624552,0.0,0.025147,0.014771000000000001,1.0164950000000001
120,-2.075227,3.845274,0.0,0.008545,0.013793999999999999,1.000748
122,-1.8921189999999999,2.685588,-0.122072,0.001953,0.022461000000000002,0.97377
124,-4.882887,0.48828900000000003,-0.366217,-0.00061,0.010254000000000001,1.000504
126,-3.845274,0.183108,-0.30518,0.0094,0.018311,0.9904940000000001
128,-2.075227,0.6103609999999999,-0.122072,0.007935,0.015869,1.000504
130,-2.014191,0.48828900000000003,0.0,0.010131999999999999,0.01001,0.993057
132,-2.685588,0.061036,0.244144,-0.0023190000000000003,0.015625,0.9903719999999999
134,-4.150454,-0.671397,0.061036,-0.009644,0.017212,0.9753569999999999
136,-8.361944,-1.342794,0.061036,0.017334,0.005371,0.9941559999999999
138,-8.728161,0.366217,0.366217,0.023072,-0.0023190000000000003,1.014542
140,-6.164645,2.4414439999999997,0.366217,0.019653999999999998,-0.0063479999999999995,1.014542
142,-3.6011290000000002,3.845274,0.732433,0.000122,0.008545,0.9633940000000001
144,-13.488975,-0.061036,1.647974,-0.021606999999999998,0.0177,0.9161520000000001
146,-23.804074,-2.746624,2.380407,-0.008057,0.016724,0.9830469999999999
148,-23.071641,-3.723201,2.136263,0.020508000000000002,-0.043702,1.038102
150,-15.503166,-1.2207219999999999,2.4414439999999997,0.013672,-0.04004,1.0188139999999999
152,-15.503166,-1.2207219999999999,2.746624,-0.0021969999999999997,-0.024781,0.9625389999999999
154,-24.841688,-4.028382,2.80766,0.00415,-0.02002,1.00148
156,-25.024796,-2.624552,2.4414439999999997,0.008179,-0.043458,1.001724
158,-23.804074,-2.563516,2.380407,-0.002686,-0.055299,1.030167
160,-20.325017000000003,-3.90631,2.319371,0.012695999999999999,-0.070069,1.027115
162,-13.855192,-3.540093,1.40383,0.0058590000000000005,-0.056275,1.010758
164,-23.743038000000002,-4.760815,2.014191,-0.020874,-0.031738999999999996,0.937026
166,-34.302281,-5.737392,2.136263,-0.016114,-0.017456,0.953262
168,-41.748684000000004,-4.638743,2.197299,0.052735000000000004,-0.057008,1.065202
170,-38.879988,1.464866,2.136263,0.0031739999999999997,-0.150149,1.01796
172,-33.081559000000006,6.225681,0.244144,-0.021851,-0.073854,0.989273
174,-46.448463000000004,6.042573,-16.540779999999998,-0.018311,-0.065309,1.0758219999999998
176,-53.467613,18.127717999999998,-29.419394,0.083497,-0.355596,1.092424
178,-42.420081,7.080186,-8.361944,0.015015,-0.065309,1.051652
180,-66.407263,5.493248,-5.859464,0.014405000000000001,-0.064698,0.940566
182,-86.854353,8.545052,0.976577,0.015991,-0.037476,0.9163959999999999
184,-122.255283,-3.784237,13.061722999999999,0.089357,0.17908,1.0363930000000001
186,-289.5552,21.179522,-4.5166699999999995,0.085573,0.07849199999999999,1.349142
188,-447.028306,55.90905600000001,-5.371176,-0.072023,0.17773699999999998,1.495995
190,-565.011063,83.802548,14.282444,0.289067,0.015991,1.147478
192,-687.3273820000001,97.413596,81.11695999999999,-1.0359040000000002,-0.917861,1.9999689999999999
194,107.17936999999999,37.415122,-72.327764,-0.6792100000000001,0.362066,1.9999689999999999
196,-1.647974,-16.84596,-10.559242999999999,-0.546029,0.702037,1.5753409999999999
198,74.83024300000001,-42.603189,10.925460000000001,-0.166873,0.304692,1.1386889999999998
200,58.594643999999995,-37.964446,3.051804,0.046387,0.43628599999999995,1.0567790000000001
202,128.603037,-1.40383,-23.315785,0.041993,0.439094,1.11574
204,156.191348,-1.8921189999999999,-31.311513,-0.065675,0.308598,1.070207
206,187.014572,-12.512398,-30.151827,-0.11902,0.234134,1.1103690000000002
208,225.467308,-8.606088,-27.771420000000003,-0.087892,0.143679,1.0442049999999998
210,243.04570099999998,-5.432212,-24.536507,-0.031861,0.11425999999999999,1.088396
212,259.220264,3.051804,-29.297321999999998,0.099001,0.090822,1.326314
214,273.380636,26.855878999999998,-45.410849,0.141482,-0.17260999999999999,1.079484
216,242.862593,50.415808,-57.618067,0.13904,-0.391608,0.492073
218,182.864118,42.236973,-65.491722,0.14905,-0.191897,1.545556
220,197.512779,57.373922,-64.576181,-0.286137,-0.383673,1.9999689999999999
222,250.980392,73.18226899999999,-33.38674,-0.45606199999999997,-0.760632,1.787259
224,232.79163799999998,51.758602,9.277485,-0.311284,-0.822766,1.9999689999999999
226,267.277028,38.574807,30.945296000000003,-0.117067,-0.761242,1.9950259999999997
228,271.244373,38.025483,33.997101,0.23621,-0.716075,1.473411
230,238.284886,47.364004,20.386053,0.286625,-0.759411,1.385397
232,217.71572400000002,23.437858,21.850919,0.072633,-1.010513,1.092912
234,163.088426,9.277485,14.160372,0.30994099999999997,-1.3905239999999999,0.643931
236,52.796216,59.327077,-36.865797,0.365728,-1.993927,0.660655
238,-7.324331,45.349813,-25.879301,-0.107179,-2.0000310000000003,-0.241459
240,-125.795377,-98.57328100000001,32.349126,0.53492,-2.0000310000000003,-0.20703400000000002
242,-183.901732,-72.69398000000001,2.929732,0.0043950000000000005,-0.719615,1.148089
244,-148.25665700000002,-44.861523999999996,5.371176,-0.5771569999999999,0.702037,1.6791029999999998
246,-220.645457,-38.269627,38.330663,-0.13586600000000001,-0.32556599999999997,1.1002370000000001
248,-164.980545,-9.094377,31.555657,0.680064,-0.21643400000000002,1.9999689999999999
250,-112.733654,-9.277485,14.648660999999999,-0.49732200000000004,-0.098634,1.9999689999999999
252,-36.560615999999996,-62.134737,23.071641,0.305058,0.254276,1.7314720000000001
254,-12.939651,-2.990768,1.40383,0.022583000000000002,0.000977,1.305684
256,-28.0766,-24.841688,11.291675999999999,0.107424,0.083742,1.084001
258,-31.128404999999997,-4.089418,5.249104,-0.0907,0.069703,0.9796290000000001
260,-26.184482,-12.695506,3.6621650000000003,0.058106,0.049561,1.0954760000000001
262,-29.236286,-5.61532,2.563516,-0.070436,0.029786,1.0863200000000002
264,-13.488975,-7.446403,1.464866,0.010742,0.06225700000000001,1.001846
266,-20.935378,-6.71397,2.075227,-0.010742,0.027955,1.049088
268,-21.423667000000002,-4.5166699999999995,0.30518,0.004761,-0.073976,0.942519
270,-17.395285,-6.347753,1.525902,-0.0177,-0.012695999999999999,1.020157
272,-11.413748,-4.943923000000001,0.30518,-0.037964,0.11609100000000001,1.252461
274,-9.216449,-2.50248,1.037613,-0.004883,-0.013916,0.960464
276,-9.582666,-0.976577,0.9155409999999999,-0.018433,0.028443,0.992447
278,-12.32929,-0.976577,1.342794,-0.009155,-0.0074459999999999995,1.0048979999999998
280,-8.911269,-0.793469,1.159686,-0.013184,0.0031739999999999997,0.9956209999999999
282,-8.361944,0.854505,-1.40383,-0.007324,-0.177005,0.8564579999999999
284,-14.404517000000002,-0.244144,2.2583349999999998,-0.027587999999999998,-0.0031739999999999997,1.022477
286,-14.0383,-1.40383,1.8310830000000002,-0.019532,-0.020874,1.00209
288,-8.728161,-2.014191,1.40383,-0.010986,-0.044923000000000005,1.037613
290,-5.127031,-1.525902,0.976577,-0.016846,-0.002441,0.98854
292,-7.934691,-1.7700470000000001,0.793469,0.007324,-0.015015,1.011368
294,-9.216449,0.122072,1.586938,-0.00415,-0.017456,1.020157
296,-10.498207,1.342794,2.2583349999999998,-0.010254000000000001,-0.026001,1.000381
298,-9.216449,0.671397,2.563516,-0.031495,-0.020996,0.9869540000000001
300,-15.503166,-5.3101400000000005,2.380407,-0.044556,-0.005615,0.9591209999999999
302,-19.958801,-8.667124000000001,2.685588,-0.031738999999999996,-0.024413999999999998,0.992569
304,-25.696193,-8.42298,3.540093,-0.008667,-0.048585,0.9952540000000001
306,-28.259709,-5.7984279999999995,3.356985,-0.01355,-0.024048,1.008438
308,-26.123445,-8.178836,1.342794,-0.014038,-0.019653999999999998,0.978042
310,-36.316472,-14.709697,-0.671397,0.01355,-0.016724,0.9560690000000001
312,-48.035401,-16.540779999999998,0.30518,0.012573,-0.033204000000000004,1.040909
314,-57.129778,-7.263294,-0.976577,-0.019653999999999998,-0.077394,1.047013
316,-61.768521,-5.188067,-11.291675999999999,-0.055665,-0.0636,1.063005
318,-89.112688,9.52163,-38.818952,0.057617999999999996,-0.306645,1.186664
320,-22.644388,2.4414439999999997,2.014191,0.076905,-0.19983199999999998,1.1002370000000001
322,-43.091478,5.432212,-4.150454,-0.002564,0.076051,0.947524
324,-119.325551,3.967346,-3.173877,0.017334,-0.076417,0.956558
326,-152.10193,-13.916228,-13.183795000000002,-0.062501,0.944717,1.106218
328,-521.187152,-18.127717999999998,-7.263294,-0.141848,0.21216100000000002,1.395529
330,-711.436637,-43.51873,10.070953999999999,0.275029,-0.032471,1.583642
332,-872.999161,-47.42504,50.659953,0.5554279999999999,-2.0000310000000003,1.9999689999999999
334,28.870069,2.380407,-71.412222,-0.629404,-0.383062,1.9999689999999999
336,67.261769,15.442129999999999,-39.124132,-0.588754,0.627085,1.8242470000000002
338,-0.671397,-65.186542,78.919661,-0.240116,0.23205900000000002,1.215717
340,110.10910200000001,-38.086519,45.166705,-0.00647,0.517464,0.574228
342,118.654154,-0.427253,30.640116,0.120974,0.361212,0.9720610000000001
344,146.60868200000002,7.385367,13.061722999999999,0.045288999999999996,0.33777399999999996,1.059709
346,203.006027,-8.728161,3.6011290000000002,-0.028443,0.245121,1.1395440000000001
348,235.355154,-12.512398,-2.624552,-0.011109,0.151614,1.1937440000000001
350,268.558785,4.699779,-13.366903,-0.018555000000000002,0.070314,1.451316
352,308.659495,25.452049,-22.034028,-0.046998000000000005,-0.12732100000000002,1.264912
354,309.025711,41.80972,-29.358358000000003,0.079713,-0.238407,0.972427
356,277.775235,76.478218,-49.866484,0.24243499999999998,-0.45716,0.617319
358,222.96482799999998,74.769207,-68.543526,0.16199000000000002,-0.370001,1.500267
360,231.387808,84.290837,-80.994888,-0.0177,-0.49170699999999995,1.9999689999999999
362,260.502022,81.300069,-72.51087199999999,-0.329473,-0.8481569999999999,1.5564200000000001
364,210.574502,67.07866,-39.490349,-0.42883999999999994,-0.8614629999999999,1.9999689999999999
366,279.118029,66.163119,-13.611048,-0.232792,-0.979873,1.9999689999999999
368,288.883803,72.14465600000001,-14.770732999999998,0.426642,-0.780407,1.229755
370,236.942092,65.796902,-33.081559000000006,0.458503,-0.8236209999999999,1.4301979999999999
372,212.893874,55.603876,-44.861523999999996,0.201907,-0.9538719999999999,1.1804379999999999
374,163.210498,59.14396899999999,-52.979324,0.012695999999999999,-1.3990690000000001,0.740734
376,75.867857,106.01968400000001,-65.003433,0.10962100000000001,-2.0000310000000003,0.596933
378,28.992141999999998,118.471046,-40.833143,-0.231571,-2.0000310000000003,-0.131838
380,-129.762722,-120.057984,68.665599,0.009888,-2.0000310000000003,-0.595102
382,-196.108949,-190.676738,82.70389899999999,0.674449,-1.755886,0.602548
384,-50.049592,-147.341115,36.316472,-0.014405000000000001,0.766613,1.9999689999999999
386,-238.651102,-108.88838,86.366064,0.9282370000000001,-0.12036300000000001,-0.44214499999999995
388,-260.135805,-40.466926,41.138323,1.1779959999999998,0.141726,1.9999689999999999
390,-141.481651,2.136263,5.127031,-1.064958,-0.225223,1.9999689999999999
392,-63.355458999999996,-120.30212900000001,55.176623,-0.052369000000000006,-0.13159400000000002,1.194842
394,-58.228428,-25.024796,15.197985999999998,0.61854,-0.023926,1.709987
396,-40.955215,-40.039673,11.596857,0.243046,0.08069,1.204608
398,-44.007019,-3.1128400000000003,2.197299,-0.130129,-0.089113,1.260761
400,-14.526589000000001,-3.90631,1.70901,0.155398,0.015381,1.166766
402,-8.300908,0.6103609999999999,3.051804,-0.039185000000000005,0.020386,1.025284
404,-8.728161,1.953155,2.929732,-0.081544,0.027710000000000002,0.957778
406,-9.704738,-1.159686,2.2583349999999998,-0.050538,0.009766,1.0042879999999998
408,-10.131991000000001,-4.21149,1.8310830000000002,-0.039673,0.018921,1.001724
410,-10.742351,-5.127031,1.647974,-0.006958,0.001221,1.009903
412,-10.070953999999999,-3.540093,1.7700470000000001,-0.041260000000000005,-0.000488,0.9956209999999999
414,-10.559242999999999,-3.723201,1.7700470000000001,-0.037110000000000004,-0.002686,0.9950100000000001
416,-5.554284,-4.5166699999999995,2.563516,-0.010498,0.0542,0.952895
418,-13.122759,-2.380407,1.464866,-0.016236,-0.014282,1.041886
420,-11.23064,-0.061036,2.014191,-0.015137000000000001,-0.028687,1.018448
422,-10.376135000000001,1.342794,2.197299,-0.015381,-0.015625,1.022354
424,-10.009917999999999,4.5166699999999995,-1.159686,0.024291999999999998,-0.326909,0.697032
426,-14.343481,-1.09865,2.136263,-0.042725,-0.043946,1.0310219999999999
428,-6.958114,-0.9155409999999999,1.037613,-0.032958999999999995,-0.032593000000000004,1.00795
430,-3.418021,-0.9155409999999999,0.854505,-0.032471,-0.022705,0.983658
432,-5.9205,-2.014191,1.2207219999999999,-0.033569999999999996,-0.030639999999999997,0.9942780000000001
434,-6.347753,-2.685588,0.671397,-0.021118,-0.024659,0.961807
436,-14.526589000000001,-6.042573,2.80766,-0.035644999999999996,-0.025147,0.941421
438,-23.376822,-8.789197,3.90631,0.003906,-0.012695999999999999,0.9909819999999999
440,-26.245518,-9.155413000000001,2.80766,-0.023194,-0.049317,0.995743
442,-26.489662,-10.742351,1.159686,-0.017456,-0.047486,0.9823149999999999
444,-33.264668,-9.643702000000001,1.8921189999999999,-0.011353,-0.057984,1.013809
446,-31.128404999999997,-8.056764,3.1128400000000003,0.008545,-0.058717,0.99855
448,-35.400931,-10.681315,3.479057,0.014527000000000002,-0.05712999999999999,1.004166
450,-40.466926,-6.897078,1.09865,0.044556,-0.086549,1.000992
452,-39.795528999999995,-2.319371,-1.8310830000000002,-0.010986,-0.09777999999999999,0.9749899999999999
454,-45.105669,-2.868696,-10.559242999999999,-0.072999,-0.091554,1.040909
456,-69.398032,5.432212,-39.063096,0.017823,-0.24377800000000002,1.104021
458,-25.391012,-3.845274,-2.990768,-0.022705,-0.079957,1.016129
460,-76.90547,0.732433,-20.813306,-0.013184,0.15259,0.819348
462,-132.326238,-5.676356,-12.451362,0.032715,0.276371,0.5949800000000001
464,-308.476387,-12.451362,-65.06446899999999,-0.09057799999999999,0.574105,1.514916
466,-677.5005719999999,-26.733806,-2.4414439999999997,-0.44434300000000004,-0.011840999999999999,1.262226
468,-780.34638,-120.973526,25.757229000000002,-0.003296,-1.1526049999999999,1.0676430000000001
470,-389.105058,-145.937285,4.699779,-0.9362940000000001,-1.494774,1.9999689999999999
472,169.436179,-74.708171,-37.476158,-0.544442,1.1497979999999999,1.9999689999999999
474,-62.928206,-38.818952,39.063096,-0.404303,0.44849300000000003,1.354391
476,115.35820600000001,19.043259,13.427939000000002,-0.257816,0.536141,0.628061
478,91.493095,12.756542,24.292363,-0.19018800000000002,0.278935,0.992325
480,144.960708,3.6011290000000002,26.611734000000002,-0.169924,0.314092,0.9115129999999999
482,189.517052,1.525902,22.583351999999998,-0.052369000000000006,0.29138600000000003,0.8886850000000001
484,210.81864700000003,12.085144999999999,13.550010999999998,-0.041871,0.18725899999999998,1.029068
486,238.467994,21.118485999999997,5.432212,-0.059571000000000006,0.12976300000000002,1.282979
488,276.554513,27.405203000000004,5.127031,-0.119753,-0.01355,1.632471
490,319.27977400000003,28.442816999999998,6.958114,-0.017212,-0.13904,1.449363
492,317.998016,37.476158,-4.028382,0.220829,-0.407477,0.7683220000000001
494,257.267109,55.786984,-27.527276,0.354864,-0.43714,0.8407110000000001
496,222.04928700000002,33.569848,-52.73518000000001,0.21033000000000002,-0.286137,1.570214
498,204.226749,63.355458999999996,-63.904784,-0.100465,-0.456916,1.9999689999999999
500,254.154269,83.436332,-52.73518000000001,-0.329473,-0.76405,1.9999689999999999
502,264.04211499999997,71.595331,-24.170291,-0.252079,-1.124651,1.643214
504,215.274281,86.671244,-6.775005999999999,-0.010864,-1.053605,1.9999689999999999
506,243.961242,87.70885799999999,-7.507439,0.26807,-0.9670559999999999,1.618067
508,211.79522400000002,63.111315000000005,-1.953155,0.193851,-1.177508,1.35964
510,194.766155,24.597542999999998,15.503166,0.039673,-1.616602,1.07924
512,147.463188,24.231327,18.066682,0.24329,-2.0000310000000003,0.420417
514,69.03181500000001,38.635843,5.127031,0.28101,-2.0000310000000003,-0.139406
516,-23.315785,1.40383,31.250477000000004,-0.051148,-1.696437,0.28186500000000003
518,-148.073548,-69.459068,62.073701,0.35523000000000005,-1.583642,-0.705455
520,-132.509346,-44.007019,44.678416,0.141726,0.046265,1.253559
522,-175.112535,-74.952316,52.246891,0.172488,0.589609,1.036271
524,-264.835584,-62.806134,51.697565999999995,0.60621,-0.241215,1.5091780000000001
526,-174.868391,-20.813306,20.019837,0.42945,-0.287358,1.9999689999999999
528,-125.001907,-28.564889,25.207904,-0.9583889999999999,-0.174807,1.8121610000000001
530,-74.586099,-97.901884,44.434272,0.855726,0.321782,1.9999689999999999
532,-36.743725,-5.432212,8.606088,-0.354864,0.082887,1.182391
534,-50.904097,-37.90341,5.9205,0.490608,0.041260000000000005,1.32314
536,-35.278859000000004,-7.873655,3.356985,-0.10693499999999999,-0.067384,1.078752
538,-28.931106,-4.8218510000000006,0.976577,0.05139199999999999,0.041382,1.0053860000000001
540,-29.541465999999996,-3.356985,1.037613,0.10009900000000001,0.022705,0.991348
542,-33.264668,4.699779,6.042573,-0.001465,-0.023072,1.096208
544,-23.620966,3.845274,6.591897,0.007324,-0.004273,1.014542
546,-21.911955,2.868696,4.028382,-0.010131999999999999,-0.02295,1.023941
548,-24.719615,3.051804,4.699779,0.015625,-0.015137000000000001,1.011124
550,-23.132676999999997,3.723201,4.455634,-0.023194,-0.027466,1.069474
552,-17.151141,4.943923000000001,5.554284,-0.027466,-0.036744,0.9820709999999999
554,-13.672084,3.295949,4.028382,-0.05005,-0.045655,1.002335
556,-10.620279,-1.037613,4.028382,-0.021241,-0.064698,1.02211
558,-9.277485,-4.21149,3.356985,-0.025147,-0.031373000000000005,0.9914700000000001
560,-12.085144999999999,-5.859464,2.929732,0.000366,-0.039796,1.008804
562,-12.695506,-6.836042,2.563516,-0.013672,-0.078614,1.007584
564,-7.141222,-7.751583,1.586938,-0.015259,-0.042602999999999995,1.0215
566,-5.676356,-10.620279,0.9155409999999999,-0.01294,-0.076539,0.9796290000000001
568,-10.009917999999999,-11.596857,0.976577,0.026246,-0.027587999999999998,0.9626610000000001
570,-14.648660999999999,-10.131991000000001,2.197299,0.025391,-0.061402,1.020035
572,-12.695506,-7.6905470000000005,4.028382,0.010131999999999999,-0.082643,1.025528
574,-8.667124000000001,-6.958114,4.150454,0.032349,-0.079225,0.9858549999999999
576,-8.545052,-6.469825,3.234913,0.0094,-0.046998000000000005,0.966567
578,-16.052491,-8.606088,2.197299,0.002441,-0.035644999999999996,0.957046
580,-25.879301,-8.300908,1.40383,0.070069,-0.060426,1.099382
582,-28.0766,-3.418021,3.1128400000000003,0.061890999999999995,-0.091066,1.010147
584,-26.306554,0.9155409999999999,7.01915,0.019898,-0.09253099999999999,1.032486
586,-31.555657,0.9155409999999999,5.249104,0.0,-0.08191,0.9871979999999999
588,-35.706111,-1.464866,2.136263,0.003662,-0.078614,0.996475
590,-38.879988,-1.464866,-0.6103609999999999,0.002564,-0.153933,1.061173
592,-37.354085999999995,1.953155,-16.113526999999998,-0.028931000000000002,-0.080079,1.018082
594,-36.1944,12.817578,-37.109941,0.095216,-0.353033,1.028092
596,-10.559242999999999,7.446403,-5.371176,0.020874,-0.059692999999999996,1.03505
598,-60.852979000000005,7.9957270000000005,-10.315099,-0.005371,0.157473,0.957412
600,-142.397192,0.793469,-18.371862,0.048585,0.04419,0.6513770000000001
602,-164.43122,-11.902037,-44.983596999999996,0.101198,0.6920270000000001,1.06154
604,-564.095522,-14.0383,-12.939651,-0.462409,0.359014,1.9999689999999999
606,-697.520409,-58.04531899999999,27.100022999999997,0.16907,-0.210208,1.097429
608,-822.095064,-41.382467,123.170825,-1.313008,-1.240742,1.9999689999999999
610,111.26878799999999,15.991454999999998,-22.339208,-0.8525520000000001,0.255497,1.9999689999999999
612,-17.273213000000002,15.686275,38.330663,-0.7641720000000001,0.482307,1.727077
614,79.285878,-32.227053999999995,90.211337,-0.17761500000000002,0.377203,1.214984
616,86.060884,-39.063096,74.341955,0.170657,0.492073,0.9751129999999999
618,157.289998,-6.652933999999999,23.498894,0.457038,0.51136,0.9950100000000001
620,174.441138,8.911269,-24.780652,0.32422399999999996,0.341436,0.7733270000000001
622,196.536202,-5.127031,-52.124819,0.07067999999999999,0.23254699999999998,0.9286030000000001
624,227.35942599999998,-11.718929,-59.63225799999999,-0.15259,0.113527,1.180682
626,256.10742400000004,3.356985,-54.627297999999996,-0.277592,-0.005615,1.400534
628,286.381323,24.414435,-42.725260999999996,-0.274418,-0.10974300000000001,1.534447
630,312.687877,47.608148,-37.109941,-0.072511,-0.256352,1.290669
632,285.343709,72.449836,-46.753643,0.23498899999999998,-0.5299149999999999,0.5572590000000001
634,220.70649300000002,68.116274,-63.111315000000005,0.251347,-0.395636,1.2481879999999999
636,212.649729,63.599603,-77.02754300000001,0.056031,-0.369757,1.9999689999999999
638,227.96978700000003,91.73724,-79.40795,0.006836,-0.617197,1.9999689999999999
640,231.50987999999998,94.85008,-62.806134,0.040284,-0.794934,1.9999689999999999
642,230.899519,93.202106,-59.937438,0.41614399999999996,-0.808484,1.575097
644,213.26009,84.596017,-64.45410799999999,0.370489,-0.8490120000000001,1.664698
646,200.62562,64.759289,-64.576181,0.21924200000000002,-0.8870979999999999,1.486961
648,192.20264,45.288777,-49.378195,-0.031861,-1.049577,1.2221870000000001
650,161.440452,32.227053999999995,-24.170291,-0.094362,-1.332296,0.89015
652,114.5037,37.659265999999995,2.380407,0.15027100000000002,-1.805203,0.606699
654,58.04531899999999,30.518044,20.202945,0.437629,-2.0000310000000003,-0.035035000000000004
656,-22.1561,-8.606088,51.941711,-0.005005,-1.9872130000000001,-1.2641790000000002
658,-217.654688,-189.944305,99.671931,1.061906,-1.589258,0.5282060000000001
660,-71.778439,-82.764935,14.099336,-0.138308,0.976944,1.9999689999999999
662,-250.06485099999998,-104.921035,52.246891,0.098024,-0.059449,-0.14538800000000002
664,-271.000229,-90.150301,60.364691,1.025772,-0.163821,1.9999689999999999
666,-106.752117,-23.620966,1.464866,0.276982,-0.13159400000000002,1.713527
668,-119.63073200000001,-65.308614,42.481117,-0.7734489999999999,-0.345586,1.340108
670,-65.796902,-59.266041,15.442129999999999,1.1772639999999999,-0.020874,1.7728540000000002
672,-65.491722,-38.147555,13.427939000000002,-0.409796,-0.059815,1.1551690000000001
674,-24.597542999999998,-29.907683000000002,-2.380407,0.215457,0.13489,1.2835889999999999
676,-11.23064,-19.592584,-1.953155,0.015259,-0.004883,1.112444
678,-16.540779999999998,-11.718929,-0.244144,0.057252,0.0063479999999999995,1.1057299999999999
680,-6.103609,-3.173877,2.80766,0.112428,0.020508000000000002,1.064714
682,-6.164645,5.188067,4.943923000000001,0.023194,0.047974,0.969619
684,-15.075914000000001,7.324331,4.699779,-0.009033,0.062623,0.930434
686,-23.437858,5.981537,2.4414439999999997,-0.005615,0.035035000000000004,0.977676
688,-19.836728,2.868696,2.075227,0.025269,-0.028199000000000002,1.0714270000000001
690,-13.305867000000001,5.981537,1.342794,0.017578,-0.019165,1.04445
692,-12.024109,7.507439,2.014191,0.023316,-0.02356,1.040299
694,-6.897078,8.545052,1.70901,0.005615,-0.019409,1.005509
696,-7.812619000000001,7.324331,2.014191,-0.008545,-0.0177,0.96791
698,-9.094377,4.943923000000001,2.014191,-0.011597,-0.014771000000000001,0.988418
700,-8.789197,4.8218510000000006,2.2583349999999998,-0.00647,-0.020874,1.008316
702,-6.836042,4.638743,1.8310830000000002,0.0031739999999999997,-0.033326,1.0213780000000001
704,-4.5166699999999995,5.737392,2.4414439999999997,-0.009522,-0.024781,0.996353
706,-9.52163,4.5166699999999995,2.929732,-0.014527000000000002,-0.014405000000000001,0.977798
708,-11.841001,4.21149,3.356985,-0.003052,-0.028443,1.006973
710,-10.925460000000001,5.493248,3.90631,-0.005249,-0.028443,1.00502
712,-12.817578,5.3101400000000005,3.90631,-0.009276999999999999,-0.027344,0.981949
714,-18.371862,3.723201,3.90631,-0.026978,-0.035035000000000004,0.976577
716,-21.05745,1.647974,4.089418,-0.019043,-0.035157,0.989273
718,-24.597542999999998,-1.7700470000000001,3.784237,-0.048585,0.006592,0.9235979999999999
720,-43.51873,-5.554284,4.577707,-0.031617,-0.07128999999999999,1.017472
722,-32.837415,-2.50248,2.929732,0.0070799999999999995,-0.082887,1.0355379999999998
724,-32.593271,-3.1128400000000003,3.90631,0.019409,-0.056886,1.033097
726,-36.926833,-6.408789,0.427253,-0.02356,-0.06006,0.9500879999999999
728,-46.448463000000004,-10.498207,-2.929732,0.025757,-0.12060699999999999,1.100481
730,-40.772107,-7.080186,-11.352712,-0.092287,-0.07055800000000001,1.1036549999999998
732,-60.66987099999999,4.150454,-43.152514000000004,0.010620000000000001,-0.188724,1.067277
734,-38.391698999999996,-2.136263,-10.254063,-0.008545,-0.08691499999999999,0.988052
736,-64.881361,-13.855192,-19.470512,0.010254000000000001,0.057617999999999996,0.9323870000000001
738,-120.973526,-14.221407999999998,-10.193027,0.108278,0.08581699999999999,1.0196690000000002
740,-173.76974099999998,-0.183108,-26.977951,0.21179499999999998,1.147845,0.952895
742,-643.198291,20.447089000000002,0.9155409999999999,0.126711,0.869642,1.9999689999999999
744,-796.398871,50.598917,37.964446,0.29370599999999997,-0.036988,1.2218200000000001
746,-862.623026,63.233387,166.201267,-2.0000310000000003,-0.042969,1.9999689999999999
748,406.80552400000005,-13.000687,-27.283131,-0.918227,0.681163,1.9999689999999999
750,26.916915000000003,-81.483177,86.610208,-0.261479,0.648447,-0.13806400000000002
752,66.529335,-81.544213,37.29305,0.36230999999999997,0.46619399999999994,0.339239
754,21.728847000000002,-27.710384,-20.996414,0.319707,0.546639,0.773938
756,94.605936,-1.09865,-59.021896999999996,-0.0177,0.51783,1.006851
758,137.636378,-39.30724,-52.124819,-0.268437,0.33679699999999996,1.316548
760,194.33890300000002,-33.813992999999996,-39.978637,-0.379767,0.196048,1.054337
762,218.142977,-16.296635000000002,-18.921187,-0.45618400000000003,-0.023316,0.808606
764,216.800183,-1.953155,2.685588,-0.456794,-0.080812,0.797375
766,221.43892599999998,15.686275,23.315785,-0.40686700000000003,-0.082643,1.342184
768,243.83917000000002,34.607462,37.415122,-0.286503,-0.304448,1.296162
770,241.275654,50.843061,47.058824,-0.056031,-0.369268,1.4023649999999999
772,247.318227,46.204318,34.485389,0.278202,-0.287846,1.668116
774,248.35584,49.134051,4.577707,0.31604499999999996,-0.42969399999999996,1.9999689999999999
776,278.32455899999997,36.316472,-19.226368,0.093751,-0.6825060000000001,1.9999689999999999
778,263.065538,43.152514000000004,-38.69688,-0.21423699999999998,-0.8603649999999999,1.565698
780,241.824979,53.406577,-26.916915000000003,-0.610483,-0.970474,1.9999689999999999
782,285.465782,59.266041,-3.234913,-0.239628,-0.886976,1.978302
784,270.695048,79.22484200000001,-10.498207,0.66041,-0.7779659999999999,1.418601
786,239.383536,45.227740999999995,-31.372549,0.5946140000000001,-0.9803620000000001,1.391867
788,211.245899,1.8310830000000002,-53.284504000000005,0.39819899999999997,-1.555444,1.077409
790,124.02533000000001,51.270314,-97.596704,0.593881,-2.0000310000000003,0.375128
792,56.214237,97.535668,-97.413596,-0.018799,-2.0000310000000003,-0.663096
794,-118.10482900000001,-117.55550500000001,4.882887,-0.431281,-2.0000310000000003,-1.2835889999999999
796,-232.242313,-181.58236100000002,29.358358000000003,0.55079,-0.781262,1.794339
798,-125.612268,-74.64713499999999,21.118485999999997,-0.813489,0.707774,1.262593
800,-298.89372099999997,-83.61944,76.295109,0.30396,-0.42713100000000004,0.847791
802,-227.786679,-30.395971999999997,46.692607,1.786893,0.003052,1.9999689999999999
804,-120.79041699999999,46.692607,-17.761501000000003,-0.729137,0.069215,1.751369
806,-69.88632,-80.201419,40.466926,-0.457404,-0.210208,1.468772
808,-48.645762,-33.630884,6.347753,0.8053100000000001,-0.063966,1.429465
810,-48.035401,-44.800488,13.427939000000002,-0.080079,0.017578,1.18471
812,-43.091478,-16.723888,2.136263,-0.063111,-0.02002,1.204852
814,-8.056764,-12.63447,-2.197299,0.10009900000000001,0.072267,1.035782
816,-10.437171000000001,-8.789197,0.671397,-0.001099,-0.005005,1.016617
818,-18.493935,-2.868696,2.319371,0.043336,-0.007935,1.068132
820,-11.718929,2.319371,1.342794,0.025147,0.05774,1.026749
822,-10.803388,0.427253,2.563516,-0.004761,-0.0015869999999999999,0.9834129999999999
824,-12.207218,-3.479057,1.586938,-0.036744,0.000244,0.9813379999999999
826,-9.704738,-6.347753,0.549325,-0.024537,0.069459,1.0709389999999999
828,-9.887846000000001,-5.065995,2.136263,-0.002441,0.002686,1.024308
830,-9.338521,-4.882887,2.014191,0.021851,-0.037964,0.9708399999999999
832,-9.765774,-3.784237,2.136263,0.013062,-0.01294,1.0048979999999998
834,-11.474784,-2.746624,0.366217,0.036378,-0.044068,0.906264
836,-11.169604,-5.61532,1.159686,-0.012695999999999999,-0.013793999999999999,1.007095
838,-7.751583,-5.676356,0.9155409999999999,0.023194,-0.08105599999999999,0.9715719999999999
840,-10.681315,-5.859464,1.342794,0.012085,-0.018189,1.0089270000000001
842,-13.550010999999998,-4.8218510000000006,1.159686,0.021729,-0.016846,1.021622
844,-13.366903,-3.784237,0.854505,0.015503,-0.017456,0.9944
846,-14.709697,-3.234913,1.037613,0.026123,-0.069703,0.9786530000000001
848,-16.174563,-3.234913,1.037613,0.019653999999999998,-0.018555000000000002,0.9702299999999999
850,-25.696193,-5.737392,1.09865,0.016236,-0.0043950000000000005,0.943008
852,-36.377508,-7.6905470000000005,0.48828900000000003,0.02417,-0.047363999999999996,0.9870760000000001
854,-35.217822999999996,-7.324331,1.586938,0.005371,-0.06775,1.008682
856,-33.38674,-9.704738,1.647974,0.002564,-0.065064,0.996231
858,-35.706111,-5.7984279999999995,-0.122072,0.026246,-0.11194000000000001,1.053605
860,-39.30724,0.244144,5.249104,0.079713,-0.076783,1.054582
862,-41.687647999999996,4.333562000000001,6.469825,0.040162,-0.060792,0.9983059999999999
864,-55.420768,2.990768,3.540093,0.001953,-0.121584,1.027726
866,-48.767834,1.647974,-6.836042,-0.043213999999999995,-0.149783,1.07924
868,-57.740139,11.352712,-40.344854,-0.012329000000000001,-0.201785,1.047013
870,-22.1561,-5.981537,-18.432898,0.13733099999999998,-0.284062,1.1030440000000001
872,-29.236286,5.61532,-3.723201,0.11718900000000002,0.10888800000000001,1.008682
874,-118.348974,28.442816999999998,-30.579079999999998,0.052490999999999996,0.24329,0.872084
876,-178.896773,-21.789883,-18.860151000000002,-0.156863,0.87013,0.802747
878,-570.8705269999999,-60.24261800000001,-75.745785,-0.7878539999999999,0.08581699999999999,1.4403299999999999
880,-786.816205,-212.588693,34.973678,-0.162356,-0.354009,1.2133969999999998
882,-1057.145037,-122.438392,246.46372200000002,-1.07216,-1.221454,1.9999689999999999
884,247.56237099999998,1.342794,-8.850233,-0.9942780000000001,0.596567,1.9999689999999999
886,-71.29015,-6.408789,93.324178,-0.9640040000000001,0.6362399999999999,1.647852
888,60.66987099999999,-51.026169,145.815213,-0.205814,0.405524,1.613916
890,120.546273,-44.678416,111.573968,0.29041,0.584726,1.1433280000000001
892,195.925841,-0.6103609999999999,51.697565999999995,0.550301,0.46753599999999995,0.968399
894,200.381476,19.470512,-6.836042,0.492439,0.330327,0.5351640000000001
896,212.893874,24.902724,-45.777066,0.19018800000000002,0.155276,0.772717
898,237.49141699999998,4.272526,-49.500267,-0.129152,-0.053101,1.150652
900,272.159915,-16.662851999999997,-34.241245,-0.195438,-0.14685299999999998,1.398093
902,300.968948,-1.342794,-26.489662,-0.092409,-0.191653,1.4028530000000001
904,311.528191,29.724575,-28.992141999999998,0.075807,-0.295659,1.49099
906,306.828412,69.092851,-45.227740999999995,0.227543,-0.560555,0.8918590000000001
908,240.299077,93.812467,-55.237658999999994,0.120485,-0.6307470000000001,1.111955
910,217.959869,79.835203,-50.598917,-0.062013,-0.558602,1.757473
912,219.05851800000002,70.55771700000001,-36.621653,0.006958,-0.56434,1.9999689999999999
914,250.003815,70.923934,-33.936065,0.140505,-0.618418,1.9999689999999999
916,287.418936,58.594643999999995,-37.59823,0.298344,-0.731945,1.9999689999999999
918,269.596399,53.284504000000005,-48.645762,0.350591,-0.732067,1.587304
920,249.82070699999997,47.669184,-65.980011,0.29749000000000003,-0.769177,1.576806
922,221.62203399999999,61.951629000000004,-77.759976,0.104128,-1.001602,1.226337
924,172.060731,71.595331,-68.36041800000001,-0.099367,-1.5199209999999999,0.9279930000000001
926,102.784772,93.080034,-44.068055,0.055299,-2.0000310000000003,0.886732
928,80.81178,74.219883,-6.530861,0.184817,-2.0000310000000003,-0.517708
930,-44.373236,-68.17730999999999,58.228428,0.159182,-1.5724120000000001,0.17847000000000002
932,-166.079194,-163.088426,83.741512,0.196414,-1.216327,0.22986199999999998
934,-170.412757,-99.122606,72.51087199999999,-0.024659,-0.195926,1.404074
936,-151.735714,-58.899825,74.280919,0.089723,0.730114,0.869642
938,-259.586481,-69.58114,74.769207,0.84303,-0.275883,1.13283
940,-233.15785499999998,-36.438544,37.659265999999995,1.161883,-0.098878,1.9999689999999999
942,-98.75639,-2.2583349999999998,-5.249104,-0.611704,0.024659,1.471458
944,-81.177996,-94.239719,41.80972,-0.023438,-0.046387,1.827665
946,-51.270314,-31.921874,12.268253999999999,0.389166,0.001831,1.252216
948,-63.965819999999994,-57.434957999999995,15.869383,0.09033300000000001,-0.017578,1.163348
950,-52.063783,-26.123445,3.6621650000000003,-0.019776,-0.10254100000000001,1.074601
952,-10.559242999999999,-29.785611,-0.671397,0.09094400000000001,0.039550999999999996,1.0031889999999999
954,-8.606088,-19.409476,0.061036,0.033814,0.003418,1.0483559999999998
956,-19.65362,-8.972305,3.479057,0.080323,0.013916,0.991714
958,-17.212177,-3.967346,5.0049589999999995,0.085939,0.020508000000000002,1.001358
960,-21.789883,-3.845274,3.90631,0.033326,0.028443,1.045548
962,-18.799115,-3.845274,1.586938,0.044923000000000005,-0.012206999999999999,1.017105
964,-14.770732999999998,-1.037613,1.2207219999999999,0.06713999999999999,-0.091432,0.950576
966,-17.517357,2.2583349999999998,2.990768,0.023681999999999998,0.065187,1.084733
968,-17.090104999999998,3.356985,4.028382,0.022095,-0.012206999999999999,1.032853
970,-13.733120000000001,2.075227,1.70901,0.029419,-0.090822,0.9698629999999999
972,-10.070953999999999,0.0,0.671397,0.025025,-0.088991,0.973404
974,-9.704738,-2.2583349999999998,0.427253,0.028076999999999998,-0.046754000000000004,0.975723
976,-11.413748,-3.234913,0.976577,0.025147,-0.02356,0.99379
978,-13.672084,-4.333562000000001,0.061036,0.0365,-0.041260000000000005,1.0046540000000002
980,-12.024109,-4.150454,-0.30518,0.050782,-0.073732,0.9952540000000001
982,-10.376135000000001,-3.90631,0.0,0.047608,-0.063966,1.00734
984,-8.789197,-2.868696,1.342794,0.039673,-0.058106,0.972549
986,-13.183795000000002,-4.333562000000001,1.40383,0.024781,-0.04712,0.9555809999999999
988,-17.822538,-5.0049589999999995,-0.793469,0.087282,-0.050782,1.026505
990,-26.245518,0.671397,-0.854505,0.095949,-0.071656,1.034928
992,-23.682002,5.0049589999999995,2.014191,0.010864,-0.1626,1.207904
994,-24.96376,4.882887,4.699779,0.02356,-0.112062,0.988663
996,-36.1944,9.338521,10.498207,0.035157,-0.074952,0.988418
998,-37.048905,7.324331,7.01915,0.021118,-0.0448,0.976211
1000,-49.988556,5.432212,2.746624,-0.009276999999999999,-0.110109,0.9666899999999999
1002,-42.481117,0.793469,-6.347753,-0.042115,-0.166018,1.013809
1004,-46.509499,8.545052,-34.546426000000004,0.018555000000000002,-0.022461000000000002,0.960586
1006,-28.931106,2.2583349999999998,-20.630198,0.132937,-0.345098,1.141741
1008,-27.344167,7.080186,1.342794,0.025879000000000003,0.08581699999999999,1.0000149999999999
1010,-117.06721599999999,21.05745,-15.564201999999998,0.127443,0.07800399999999999,0.9152969999999999
1012,-152.773327,-5.371176,-19.836728,-0.265385,0.39710100000000004,0.780163
1014,-479.072251,-5.127031,-58.472572,0.244022,0.511482,1.332418
1016,-792.858778,-144.533455,56.94667,-0.206546,0.041382,1.563012
1018,-1089.2500189999998,-162.966354,187.685969,-0.46008999999999994,-0.72108,1.9999689999999999
1020,332.402533,3.90631,-64.942397,-0.272099,0.956558,1.9999689999999999
1022,135.378042,-13.427939000000002,-68.48249,-0.491829,0.808484,0.6479590000000001
1024,-47.547112,-85.450523,51.392386,-0.048707,0.437629,0.261723
1026,101.014725,-16.906996,-16.784924,-0.11316099999999998,0.493172,0.833509
1028,70.49668100000001,-3.90631,-17.212177,-0.204105,0.42017200000000005,1.203876
1030,155.39787900000002,-6.2867169999999994,-23.254749,-0.193484,0.463508,1.183124
1032,194.094759,9.033341,-25.207904,-0.151614,0.317388,1.4142059999999999
1034,244.20538599999998,37.659265999999995,-27.283131,-0.12365899999999999,0.146242,1.210101
1036,274.540322,46.082246000000005,-23.193713,-0.069459,-0.015991,0.985
1038,279.911498,28.747996999999998,-16.84596,0.084352,0.008301000000000001,1.26833
1040,310.97886600000004,26.489662,-34.607462,0.26965700000000004,-0.23559899999999998,0.998917
1042,259.708553,76.60029,-55.237658999999994,0.286503,-0.381353,0.705577
1044,216.983291,73.975738,-65.491722,0.196414,-0.21509099999999998,1.6776380000000002
1046,226.321813,81.544213,-64.942397,0.047974,-0.394781,1.9999689999999999
1048,256.534676,104.127565,-50.659953,-0.054810000000000005,-0.732067,1.9999689999999999
1050,245.914397,84.596017,-25.513085,-0.07422000000000001,-0.846693,1.9999689999999999
1052,321.35500099999996,91.065843,-13.672084,-0.101564,-0.993057,1.9999689999999999
1054,285.709926,95.521477,1.40383,0.37793499999999997,-0.9826809999999999,1.675807
1056,252.018006,95.521477,4.577707,0.31873,-1.250507,1.671778
1058,224.368658,66.04104699999999,28.259709,0.136721,-2.0000310000000003,0.989517
1060,110.59739099999999,80.872816,23.559929999999998,0.8767219999999999,-2.0000310000000003,0.42945
1062,67.689021,160.097658,-42.053864000000004,0.39392699999999997,-2.0000310000000003,-0.320439
1064,-54.016938,6.408789,27.893492,-0.437018,-2.0000310000000003,-2.0000310000000003
1066,-272.40405899999996,-197.26863500000002,70.740826,0.945937,-1.344503,1.2242620000000002
1068,-74.09781,-65.552758,27.344167,-0.610727,0.983658,1.5793700000000002
1070,-286.503395,-87.953002,69.642176,0.5023270000000001,-0.206546,-0.580087
1072,-308.11017000000004,-48.401617,59.327077,1.792142,-0.363531,1.9999689999999999
1074,-140.199893,20.813306,-22.888533,-0.661265,-0.028443,1.9999689999999999
1076,-75.928893,-95.338369,53.162431999999995,-0.6777449999999999,-0.41236000000000006,1.399557
1078,-44.3122,-25.940337,1.8921189999999999,1.273579,-0.01001,1.619532
1080,-44.373236,-54.077974,15.747310999999998,-0.20325,0.035889,1.10695
1082,-37.720302000000004,-0.48828900000000003,0.48828900000000003,-0.122072,-0.053346000000000005,1.116228
1084,-21.606775,-14.831769,-1.8310830000000002,0.25195700000000004,0.099611,1.211566
1086,-13.305867000000001,1.8310830000000002,-0.549325,-0.025391,0.074098,0.958267
1088,-23.010604999999998,9.887846000000001,2.319371,-0.008057,-0.016602000000000002,1.079118
1090,-18.24979,14.343481,4.577707,0.05359,0.016968,1.054704
1092,-13.794156,15.625238000000001,4.577707,-0.007201999999999999,0.024048,0.993179
1094,-15.930419,12.878614,4.577707,-0.062013,-0.010864,1.001968
1096,-12.451362,8.667124000000001,3.784237,-0.052979,0.008423,0.997574
1098,-11.841001,3.845274,3.234913,-0.0448,0.011475,0.975723
1100,-14.404517000000002,-0.671397,2.685588,-0.043091000000000004,0.002075,0.977798
1102,-15.13695,-3.051804,1.525902,-0.029786,-0.001099,0.976577
1104,-16.418708,-3.845274,2.075227,-0.027955,0.058717,0.948257
1106,-18.554971,-2.868696,1.2207219999999999,-0.026368,-0.034546,1.046891
1108,-16.296635000000002,-3.540093,1.2207219999999999,-0.034546,-0.030274000000000002,1.023087
1110,-13.061722999999999,-2.136263,-0.854505,0.065919,-0.157229,0.758312
1112,-16.296635000000002,-7.01915,0.48828900000000003,-0.046508999999999995,-0.046754000000000004,0.977554
1114,-12.024109,-7.934691,-0.793469,-0.033692,-0.036622,0.9976959999999999
1116,-11.841001,-7.507439,-0.48828900000000003,0.008911,-0.068971,1.029068
1118,-11.657893,-2.2583349999999998,-1.037613,-0.010254000000000001,-0.23743000000000003,0.949355
1120,-14.770732999999998,-2.80766,2.929732,-0.028931000000000002,-0.040527999999999995,0.997574
1122,-16.968032,-4.5166699999999995,2.685588,-0.033082,-0.050416,0.9657129999999999
1124,-22.278172,-10.254063,1.342794,-0.040284,-0.02417,0.960342
1126,-28.747996999999998,-12.390326,-0.854505,-0.025147,-0.033692,0.968276
1128,-40.894179,-9.582666,2.136263,0.009766,-0.078737,1.008682
1130,-40.650034000000005,-7.01915,3.540093,0.016724,-0.103273,0.9712059999999999
1132,-41.80972,-5.554284,7.141222,-0.025757,-0.089357,1.042985
1134,-40.772107,-0.6103609999999999,2.685588,-0.033692,-0.097902,1.029557
1136,-42.90837,-2.746624,-5.9205,-0.07190099999999999,-0.10779000000000001,1.035416
1138,-46.32639,-6.103609,-16.479744,-0.043458,-0.14868399999999998,1.038834
1140,-67.811093,-2.624552,-40.772107,-0.00647,-0.23035,1.0866870000000002
1142,-26.306554,-7.01915,-13.611048,-0.045045,-0.014405000000000001,1.045914
1144,-95.033188,-6.103609,-34.485389,0.110231,0.06384400000000001,0.96083
1146,-134.767681,3.295949,-16.601816,0.080201,0.462898,1.018082
1148,-443.24406799999997,6.2867169999999994,-75.989929,0.03418,1.11989,1.3910120000000001
1150,-808.0567639999999,-83.009079,50.659953,-0.252567,-0.153079,1.425193
1152,-976.6384380000001,-89.784085,248.599985,-1.668605,-0.676524,1.9999689999999999
1154,414.557107,-26.977951,-9.887846000000001,-0.528695,0.8420540000000001,1.9999689999999999
1156,-9.094377,-7.751583,64.881361,-0.336309,0.660899,-0.155398
1158,-29.602502,-28.625925,51.819638,0.29456,0.32105,0.9011370000000001
1160,25.879301,-16.113526999999998,-1.525902,0.303471,0.705943,0.8842909999999999
1162,97.901884,-19.531548,-25.879301,0.041016000000000004,0.550912,1.16408
1164,125.18501599999999,-32.166018,-31.311513,-0.11108599999999999,0.45557299999999995,1.23769
1166,187.624933,-15.381094000000001,-35.400931,-0.202518,0.33264699999999997,1.240742
1168,226.19974100000002,7.263294,-30.151827,-0.271611,0.11389300000000001,1.097429
1170,248.172732,6.591897,-18.371862,-0.17468499999999998,0.026612,0.9817040000000001
1172,268.253605,2.50248,-18.188754,0.000366,0.044923000000000005,1.2568549999999998
1174,280.216678,37.537194,-34.180209000000005,0.119753,-0.23267,1.033829
1176,252.20111400000002,63.477531000000006,-43.274586,0.06640700000000001,-0.38477100000000003,0.853773
1178,224.307622,48.584726,-43.945983,0.072633,-0.299931,1.39675
1180,218.44815699999998,56.153201,-42.969406,0.06713999999999999,-0.341802,1.9999689999999999
1182,252.26215,80.750744,-48.706798,0.047242,-0.488045,1.9999689999999999
1184,254.520485,73.060197,-40.039673,0.03418,-0.717174,1.9999689999999999
1186,271.427482,65.980011,-39.978637,0.202762,-0.749767,1.9999689999999999
1188,269.291218,63.843748,-51.209277,0.435187,-0.704112,1.7882349999999998
1190,251.1635,60.547799,-67.994202,0.356207,-0.783337,1.6719009999999999
1192,228.64118399999998,61.707485,-71.046006,0.054444000000000006,-1.153338,1.326925
1194,172.487984,66.77348,-44.739452,-0.137575,-1.908721,0.772107
1196,74.64713499999999,74.708171,-13.672084,0.430304,-2.0000310000000003,0.633799
1198,63.416495,53.345541000000004,0.48828900000000003,0.492683,-2.0000310000000003,-0.470588
1200,-138.673991,-130.80033600000002,59.998474,0.631357,-1.975616,-1.066178
1202,-182.131685,-86.976425,33.630884,0.289067,-0.161379,1.922393
1204,-128.297856,-74.464027,25.329976000000002,-0.419806,0.656382,0.884901
1206,-273.929961,-79.65209399999999,61.219196,0.155032,-0.29333899999999996,1.263325
1208,-182.55893799999998,-32.288090000000004,37.90341,1.2555120000000002,-0.20691199999999998,1.9999689999999999
1210,-121.889067,-3.234913,0.732433,-0.565316,-0.094484,1.552758
1212,-83.802548,-92.713817,50.720989,-0.534554,-0.13843,1.000259
1214,-69.58114,-51.514458000000005,6.347753,1.187518,-0.23035,1.608179
1216,-67.933165,-50.2327,15.869383,-0.37525,-0.019409,1.145037
1218,-30.884259999999998,-36.316472,2.80766,0.24426599999999998,0.127565,1.350973
1220,1.586938,-28.0766,0.48828900000000003,0.08691499999999999,0.033936,1.17055
1222,-7.2022580000000005,-14.465553,3.356985,0.040894,0.0023190000000000003,1.0744790000000002
1224,-3.479057,-8.178836,4.028382,0.087037,0.041260000000000005,0.9987950000000001
1226,-6.469825,0.30518,4.760815,0.034668,0.024413999999999998,1.016373
1228,-5.737392,0.48828900000000003,3.784237,0.026612,0.046021,0.976822
1230,-5.676356,-3.784237,1.7700470000000001,0.012206999999999999,0.011597,1.040665
1232,-2.563516,-5.188067,-0.122072,-0.003296,0.033082,0.9587549999999999
1234,-7.080186,-6.591897,0.30518,0.023438,0.052613,0.9799950000000001
1236,-9.765774,-4.028382,1.342794,0.055909,0.034546,0.9589989999999999
1238,-17.517357,-4.882887,0.0,0.072877,-0.008911,1.2047299999999999
1240,-10.742351,-2.319371,0.48828900000000003,-0.033569999999999996,0.019653999999999998,1.002213
1242,-10.070953999999999,-3.6011290000000002,0.48828900000000003,0.026123,0.009276999999999999,1.015518
1244,-8.972305,-5.065995,0.122072,0.029297000000000004,0.059327,0.9538719999999999
1246,-19.409476,-5.676356,-0.122072,0.055787,-0.013916,1.0121
1248,-19.34844,-4.5166699999999995,0.061036,0.040284,-0.018433,1.014908
1250,-16.784924,-4.760815,-0.427253,0.035767,0.004761,0.972549
1252,-20.202945,-6.042573,0.48828900000000003,0.036011,-0.024537,0.994766
1254,-20.386053,-6.591897,0.48828900000000003,0.061646000000000006,-0.014159999999999999,0.9743799999999999
1256,-25.452049,-5.7984279999999995,-0.366217,0.054322,-0.012573,0.9267719999999999
1258,-37.170977,-5.9205,1.586938,-0.014405000000000001,-0.130983,1.148333
1260,-33.813992999999996,-0.183108,0.976577,0.080323,-0.05359,1.0091709999999998
1262,-38.208591,3.967346,1.09865,0.045045,0.002075,1.023941
1264,-60.364691,3.6011290000000002,-3.418021,0.015869,0.069459,0.8759899999999999
1266,-46.692607,2.685588,-9.338521,0.158083,-0.008911,0.951308
1268,-96.375982,8.972305,-14.404517000000002,0.095827,-0.066285,0.9389790000000001
1270,-75.928893,7.080186,-28.625925,-0.10803399999999999,-0.35523000000000005,1.08571
1272,-51.270314,3.845274,-29.724575,0.406744,-0.500008,1.188006
1274,-59.14396899999999,29.114214,38.574807,-0.121706,0.38233,0.8916149999999999
1276,-205.020218,19.714656,9.582666,-0.22986199999999998,0.5125810000000001,0.11035299999999999
1278,-279.606317,-94.483864,-1.159686,-0.29382800000000003,0.274418,1.000504
1280,-685.435264,-292.607004,76.417182,-0.122438,0.140627,1.178485
1282,-872.7550160000001,-254.64255699999998,144.167239,1.230732,-1.6472419999999999,1.516381
1284,-302.372778,42.90837,-10.315099,-0.39465900000000004,-1.6820330000000001,1.9999689999999999
1286,-6.225681,121.03456200000001,-86.73228,-0.530404,0.839124,1.9999689999999999
1288,-47.302968,-44.92256,58.167391,-0.539071,0.38477100000000003,1.9999689999999999
1290,203.799496,-20.935378,48.401617,-0.081178,0.543709,1.691798
1292,218.509194,17.761501000000003,33.569848,0.07483,0.160403,0.850599
1294,231.631952,27.588312,10.864424,0.183841,0.10180800000000001,0.212772
1296,207.94995,36.987869,-14.587625,0.260258,0.099367,0.45423100000000005
1298,209.597925,41.992828,-37.537194,0.210208,0.169802,1.006241
1300,241.824979,37.354085999999995,-46.814679,0.093263,0.132204,1.547143
1302,290.775921,37.415122,-53.894865,0.136233,-0.06884900000000001,1.541283
1304,312.260624,58.655680000000004,-61.219196,0.150759,-0.269291,1.197894
1306,287.541009,80.5066,-67.811093,0.127199,-0.5568930000000001,0.45655
1308,210.33035800000002,100.70954499999999,-61.097124,0.043824,-0.42090500000000003,1.042985
1310,199.038682,90.45548199999999,-48.096437,0.048096,-0.346075,1.9999689999999999
1312,242.801556,97.901884,-36.682689,0.15979200000000002,-0.49915299999999996,1.9999689999999999
1314,270.939193,88.197147,-24.170291,0.18677,-0.630869,1.9999689999999999
1316,310.42954100000003,78.187228,-21.240558,0.46131099999999997,-0.7224229999999999,1.8938279999999998
1318,283.756771,62.378882,-28.198672,0.486091,-0.770397,1.385885
1320,244.449531,44.068055,-36.743725,0.346563,-0.826307,1.602686
1322,216.49500299999997,56.153201,-47.180896000000004,0.264042,-1.157733,1.148333
1324,143.86205800000002,72.632944,-70.55771700000001,0.738781,-1.8318150000000002,0.8643930000000001
1326,80.628672,116.02960300000001,-107.42351399999998,0.695445,-2.0000310000000003,0.357183
1328,27.954528000000003,55.481804000000004,-51.941711,-0.15027100000000002,-2.0000310000000003,-0.5080640000000001
1330,-55.420768,-85.938811,47.669184,-0.330816,-1.427878,0.861707
1332,-38.391698999999996,-53.71175699999999,88.685435,-0.423713,-0.984634,0.058106
1334,-106.630045,-99.732967,61.585412,0.181399,-0.215702,0.020874
1336,-217.410544,-101.686122,67.994202,0.24866100000000002,0.870008,0.48560299999999995
1338,-302.61692200000005,-80.933852,69.764248,1.412009,-0.389532,1.904204
1340,-177.00465400000002,-16.784924,-8.1178,0.794324,-0.273075,1.9999689999999999
1342,-116.273747,-25.818265,21.728847000000002,-1.6972919999999998,-0.44068100000000004,1.6990009999999998
1344,-75.562676,-99.488823,45.593957,1.24538,0.42005,1.8948040000000002
1346,-57.06874200000001,-16.357671,12.63447,-0.591806,-0.10363900000000001,1.291524
1348,-34.058137,-47.791257,0.854505,0.621958,0.083619,1.3368120000000001
1350,-27.283131,-11.657893,2.685588,-0.056764,-0.060303999999999996,1.281758
1352,-17.395285,-7.2022580000000005,-0.244144,0.060792,0.084352,1.021988
1354,-16.357671,-1.525902,0.732433,0.108766,0.105104,0.985367
1356,-20.386053,12.207218,4.8218510000000006,0.022827,0.042725,1.0509190000000002
1358,-21.484703,16.357671,6.042573,-0.030274000000000002,0.009522,1.034928
1360,-17.700464999999998,11.902037,5.249104,-0.022705,0.041871,0.972549
1362,-20.813306,7.751583,1.7700470000000001,0.028321,0.019898,0.95436
1364,-18.554971,3.967346,2.746624,-0.026001,-0.018311,0.980117
1366,-16.174563,3.051804,2.929732,-0.036255,0.024659,0.9902489999999999
1368,-19.65362,2.624552,2.136263,-0.019165,-0.019532,1.037247
1370,-15.014878,3.295949,1.7700470000000001,-0.017334,-0.032593000000000004,1.013931
1372,-9.887846000000001,4.028382,0.854505,-0.0448,-0.035767,1.073259
1374,-10.986496,0.976577,2.075227,-0.03418,-0.01294,0.9670559999999999
1376,-14.770732999999998,-4.333562000000001,1.464866,-0.033326,-0.011475,0.9790190000000001
1378,-14.343481,-6.469825,1.2207219999999999,-0.018799,-0.057496000000000005,1.049454
1380,-7.568475,-5.493248,1.159686,-0.021118,-0.039673,1.023941
1382,-8.300908,-5.737392,1.09865,-0.019409,-0.028199000000000002,0.970352
1384,-14.099336,-6.347753,1.647974,-0.0035399999999999997,-0.0008550000000000001,0.945083
1386,-25.452049,-7.568475,4.028382,0.0,-0.009276999999999999,0.9399559999999999
1388,-37.415122,-10.986496,3.784237,-0.013916,-0.045899,0.9948879999999999
1390,-33.264668,-8.606088,0.976577,-0.018189,-0.059571000000000006,1.016983
1392,-33.875029,-8.728161,1.8310830000000002,-0.012573,-0.06836,0.985
1394,-33.997101,-6.530861,5.676356,-0.002564,-0.145266,1.032975
1396,-26.733806,-4.394598,8.606088,-0.004028,-0.062989,1.0036770000000002
1398,-36.316472,-4.333562000000001,7.141222,0.014771000000000001,-0.083009,0.9858549999999999
1400,-37.354085999999995,-6.958114,0.0,-0.042725,-0.06347799999999999,0.9743799999999999
1402,-49.561303,-8.545052,-9.338521,-0.047486,-0.073854,0.9911040000000001
1404,-57.740139,-8.484016,-29.48043,-0.048585,-0.171145,0.992813
1406,-57.373922,5.188067,-33.020523,0.11535799999999999,-0.357794,1.004166
1408,-27.038987,-3.90631,-9.887846000000001,0.009276999999999999,0.05005,0.9708399999999999
1410,-107.54558600000001,-0.061036,-27.100022999999997,0.122072,0.079347,1.070085
1412,-143.86205800000002,-6.2867169999999994,-12.146181,-0.067994,0.322759,0.770275
1414,-463.324941,-13.855192,-44.800488,0.143191,0.644419,1.996246
1416,-736.705577,-154.726482,48.889905999999996,-0.374884,-0.238529,1.487694
1418,-957.839323,-218.87541000000002,140.44403799999998,0.776501,-2.0000310000000003,1.9999689999999999
1420,9.216449,-120.48523700000001,-16.174563,-0.175784,-0.627085,1.9999689999999999
1422,105.16517900000001,9.52163,-21.362631,-0.056641,0.900649,1.9999689999999999
1424,-26.123445,-13.122759,73.914702,-0.105348,0.29077600000000003,0.991226
1426,139.833677,18.188754,42.481117,-0.014038,0.43250200000000005,0.267338
1428,90.45548199999999,-1.8921189999999999,40.222782,0.07128999999999999,0.292729,0.6463720000000001
1430,143.73998600000002,-13.366903,21.301595000000002,0.135134,0.43579799999999996,0.977066
1432,194.888228,-17.94461,0.244144,0.130129,0.32398000000000005,1.1745780000000001
1434,231.32677200000003,-8.667124000000001,-18.127717999999998,0.023072,0.14197,1.201678
1436,267.277028,0.854505,-22.949569,-0.114504,-0.032227,1.3899139999999999
1438,304.509041,1.342794,-17.822538,-0.119753,-0.19555999999999998,1.381613
1440,325.13923900000003,8.728161,-17.151141,-0.021729,-0.290166,1.3078809999999998
1442,316.65522200000004,33.325703999999995,-28.0766,0.037842,-0.615,0.9212790000000001
1444,258.548867,67.505913,-32.715343,0.06958099999999999,-0.632212,0.692638
1446,213.076982,30.640116,-38.818952,0.163333,-0.352667,1.8207060000000002
1448,217.71572400000002,54.871443000000006,-48.218509000000005,0.1178,-0.611215,1.9999689999999999
1450,282.902266,76.661326,-45.654994,-0.135988,-0.853773,1.9999689999999999
1452,284.428168,40.466926,-20.080873,-0.04712,-1.016373,1.9999689999999999
1454,287.296864,55.359731000000004,-19.897765,0.17554,-0.946426,1.755032
1456,270.328832,57.801175,-33.875029,0.308232,-0.9663229999999999,1.564599
1458,236.881056,68.84870699999999,-51.941711,0.354131,-1.154925,1.266621
1460,181.399252,79.22484200000001,-65.125505,0.6045010000000001,-1.640406,0.9559469999999999
1462,110.170138,117.372396,-85.63363100000001,0.532357,-2.0000310000000003,0.584237
1464,73.30434100000001,97.535668,-61.585412,-0.048707,-2.0000310000000003,-0.688609
1466,-50.049592,-66.04104699999999,23.010604999999998,-0.267216,-1.603784,0.290898
1468,-165.46883300000002,-149.66048700000002,9.704738,0.8736709999999999,-1.415305,-0.327276
1470,-124.02533000000001,-87.159533,16.113526999999998,-0.458625,0.6948350000000001,1.733425
1472,-238.712139,-76.661326,45.777066,-0.48706800000000006,0.221561,0.254398
1474,-260.257877,-70.008392,62.378882,0.9602200000000001,-0.219608,1.9999689999999999
1476,-159.12108,15.808347,1.8310830000000002,0.784802,-0.025025,1.9999689999999999
1478,-152.956436,66.529335,-6.164645,-0.791028,-0.145266,1.520165
1480,-75.684749,-42.175937,40.283818,-0.390753,-0.304814,1.430442
1482,-64.45410799999999,-44.495308,21.667811,0.9716950000000001,0.061890999999999995,1.5477530000000002
1484,-52.063783,-28.931106,11.841001,-0.343511,-0.0365,1.0309
1486,-30.762188000000002,-16.906996,0.976577,0.093141,0.06836,1.37319
1488,-17.029068,-16.662851999999997,2.685588,-0.016114,0.055665,1.055192
1490,-17.639429,-11.291675999999999,2.685588,-0.054444000000000006,0.028687,1.03151
1492,-14.892805,-4.394598,2.2583349999999998,-0.023926,0.018433,1.047379
1494,-10.742351,-2.563516,2.685588,-0.025513,-0.005615,1.051652
1496,-8.484016,-3.051804,2.685588,-0.078859,0.022338999999999998,0.96791
1498,-11.047532,-10.070953999999999,1.70901,-0.102663,0.014405000000000001,0.976822
1500,-8.1178,-9.155413000000001,1.037613,-0.036011,0.0035399999999999997,1.031876
1502,-4.638743,-4.882887,1.464866,-0.013428,0.017212,1.021744
1504,-7.873655,-2.136263,2.136263,-0.023926,0.005737,1.006485
1506,-5.981537,1.281758,2.685588,-0.042969,0.002075,1.0057530000000001
1508,-7.812619000000001,-0.30518,2.929732,-0.06286699999999999,0.000244,0.9749899999999999
1510,-8.972305,-3.723201,2.380407,-0.072999,0.002686,0.980606
1512,-6.652933999999999,-6.836042,0.793469,-0.028931000000000002,0.048951,0.872084
1514,-15.13695,-8.42298,2.563516,-0.05774,0.017456,0.9826809999999999
1516,-14.0383,-13.366903,1.70901,-0.013672,0.062989,0.8772110000000001
1518,-15.259022,-12.451362,0.549325,-0.024413999999999998,-0.03772,1.058732
1520,-10.009917999999999,-11.963073,-2.075227,-0.087648,0.001465,1.0401770000000001
1522,-15.808347,-7.812619000000001,2.014191,-0.001953,-0.042115,1.014176
1524,-18.310826000000002,-5.493248,3.540093,-0.001465,0.0094,0.9944
1526,-21.789883,-7.9957270000000005,2.990768,-0.055665,-0.0074459999999999995,0.960342
1528,-23.804074,-12.573433999999999,0.30518,-0.022583000000000002,-0.037232,0.992935
1530,-25.818265,-11.841001,0.061036,-0.019898,-0.049317,1.026749
1532,-25.513085,-8.911269,1.7700470000000001,0.011963,-0.074098,1.025406
1534,-21.606775,-7.141222,1.8921189999999999,-0.023438,-0.056275,1.000504
1536,-31.372549,-8.300908,1.8921189999999999,-0.021241,-0.043824,0.9796290000000001
1538,-39.246204,-10.864424,0.48828900000000003,-0.026489999999999996,-0.043336,1.003555
1540,-43.396658,-5.0049589999999995,0.48828900000000003,0.049928,-0.088991,1.03798
1542,-41.199359,1.09865,-4.943923000000001,-0.025269,-0.074586,0.9627829999999999
1544,-55.603876,-1.40383,-15.442129999999999,-0.10009900000000001,-0.118898,1.038224
1546,-77.210651,6.652933999999999,-34.79057,0.064942,-0.238529,1.0278479999999999
1548,-43.884947,-3.234913,-5.981537,-0.038697,-0.029907999999999997,0.9698629999999999
1550,-106.20279199999999,-7.141222,-30.334936,0.014771000000000001,0.06067,0.913466
1552,-141.11543500000002,-6.652933999999999,-29.541465999999996,-0.006836,0.27624899999999997,0.937026
1554,-401.312276,-10.498207,-49.805446999999994,0.16321,0.9433739999999999,1.271626
1556,-661.3870450000001,-103.212024,19.714656,-0.041138,0.183719,0.92958
1558,-823.0106049999999,-151.491569,34.546426000000004,0.495125,-1.576928,1.9999689999999999
1560,-120.79041699999999,-78.736553,-10.070953999999999,-0.640269,-1.3319299999999998,1.9999689999999999
1562,323.918517,33.630884,-44.190127000000004,-0.075807,1.089982,0.593759
1564,-25.452049,-16.052491,72.69398000000001,-0.273564,0.18616,-0.35938000000000003
1566,109.681849,9.155413000000001,30.945296000000003,-0.170291,0.24072600000000002,0.344488
1568,53.650721,-5.7984279999999995,33.752956,0.026001,0.38403899999999996,0.9043110000000001
1570,138.735027,4.394598,7.141222,0.098512,0.504646,1.124285
1572,176.882582,16.174563,-13.366903,0.0542,0.356817,1.223163
1574,219.72991499999998,27.893492,-24.780652,-0.062989,0.163088,1.237934
1576,257.755398,39.673457,-20.019837,-0.112551,-0.015015,1.322042
1578,291.508354,36.49958,-6.71397,-0.031738999999999996,-0.143801,1.37673
1580,307.377737,28.992141999999998,-8.056764,0.249271,-0.310185,0.9830469999999999
1582,263.065538,68.604562,-34.546426000000004,0.462654,-0.543343,0.534066
1584,200.747692,49.378195,-52.918288000000004,0.197879,-0.396002,1.2519719999999999
1586,185.000381,47.73022,-55.664912,-0.059815,-0.377081,1.9999689999999999
1588,266.544595,76.60029,-49.92752,-0.175906,-0.765515,1.9999689999999999
1590,249.75967000000003,63.050278000000006,-22.827497,-0.15893800000000002,-0.8410770000000001,1.9999689999999999
1592,271.061265,75.867857,-16.235599,0.201175,-0.764904,1.574975
1594,245.487144,63.965819999999994,-16.540779999999998,0.284062,-0.850477,1.949615
1596,247.074083,54.810407,-28.870069,0.36524,-0.964492,1.355367
1598,206.912337,61.585412,-40.222782,0.15905999999999998,-1.21767,0.985733
1600,154.421302,64.332036,-37.720302000000004,0.031373000000000005,-1.571069,0.9248190000000001
1602,103.700313,80.079347,-34.607462,0.202274,-2.0000310000000003,0.636606
1604,47.364004,85.877775,-19.409476,-0.023194,-2.0000310000000003,0.049439
1606,-103.089952,-79.041733,56.275273,-0.169558,-1.9892880000000002,-1.57998
1608,-134.645609,-146.73075500000002,56.092164000000004,0.573739,-0.098268,1.6655529999999998
1610,-138.612955,-85.57259499999999,54.077974,-0.601205,1.0057530000000001,1.058122
1612,-272.281987,-97.535668,79.22484200000001,0.508675,-0.347539,0.8153199999999999
1614,-224.979019,-45.899138,45.960174,1.684718,0.001099,1.9999689999999999
1616,-131.837949,40.955215,-22.1561,0.004761,0.124392,1.398947
1618,-143.129625,-22.522316,34.851606,-1.5005110000000002,-0.828626,1.6650639999999999
1620,-64.08789200000001,-100.16022,42.298009,1.3470659999999999,0.505989,1.9999689999999999
1622,-36.621653,-14.831769,7.385367,-0.6406350000000001,-0.059815,1.127214
1624,-36.011292,-45.899138,7.141222,0.41699899999999995,0.133425,1.405173
1626,-30.334936,-32.959487,4.333562000000001,-0.201785,0.011963,1.171405
1628,-26.245518,-22.217136,1.342794,0.060303999999999996,0.016846,1.11281
1630,-14.526589000000001,-13.305867000000001,2.563516,0.080568,0.058717,1.006729
1632,-28.198672,-8.056764,3.1128400000000003,-0.011719,0.005249,1.052384
1634,-23.315785,-8.239872,1.09865,0.001221,0.008423,1.0392
1636,-19.34844,-8.056764,-0.183108,-0.0023190000000000003,-0.008179,0.9986719999999999
1638,-23.987182,-7.812619000000001,-1.281758,-0.066651,0.056152999999999995,1.238056
1640,-17.151141,-5.127031,-0.793469,0.021973,-0.027832,0.982925
1642,-16.174563,-4.21149,-0.30518,0.023072,-0.0177,0.9514309999999999
1644,-19.165332,-2.929732,0.366217,0.010620000000000001,-0.047608,1.0394450000000002
1646,-15.014878,-1.586938,0.30518,0.019043,-0.043824,1.012345
1648,-15.381094000000001,-2.136263,0.244144,0.008179,-0.035644999999999996,0.985489
1650,-18.738079,-3.295949,-0.122072,0.007568000000000001,-0.038452999999999994,0.9945219999999999
1652,-19.531548,-2.685588,-0.671397,0.0177,-0.025757,0.964981
1654,-23.559929999999998,-2.319371,-0.9155409999999999,0.011963,-0.081666,1.0251620000000001
1656,-17.94461,-1.647974,-0.48828900000000003,0.0094,-0.090211,1.019547
1658,-13.916228,-0.671397,0.30518,0.028199000000000002,-0.11035299999999999,1.03566
1660,-10.254063,1.281758,1.70901,0.024413999999999998,-0.092042,1.0150299999999999
1662,-8.972305,0.9155409999999999,1.342794,0.00061,-0.067872,0.9986719999999999
1664,-9.277485,-0.183108,0.30518,0.00415,-0.084352,1.003311
1666,-9.704738,-0.427253,-0.366217,0.015259,-0.10180800000000001,1.0196690000000002
1668,-8.056764,0.0,-1.037613,0.024537,-0.09362899999999999,1.007095
1670,-7.873655,2.4414439999999997,1.586938,0.029664,-0.082887,1.001846
1672,-12.756542,1.09865,1.70901,0.000244,-0.10779000000000001,0.9867090000000001
1674,-7.812619000000001,-0.366217,-0.183108,0.00415,-0.102907,1.021134
1676,-7.751583,-1.8310830000000002,-2.075227,0.0037840000000000005,-0.11071900000000001,1.004166
1678,-7.080186,-1.7700470000000001,-3.295949,0.019287000000000002,-0.10425,1.014298
1680,-5.859464,0.48828900000000003,-2.075227,0.028564999999999997,-0.089601,0.996597
1682,-13.611048,3.418021,0.061036,0.051637,-0.067994,0.988663
1684,-25.26894,8.667124000000001,6.225681,0.01001,-0.087037,1.005264
1686,-32.104982,11.535821,10.254063,-0.020874,-0.056275,0.949599
1688,-45.960174,7.324331,4.089418,-0.018433,-0.025391,1.0046540000000002
1690,-50.354772,4.943923000000001,-7.446403,-0.10998699999999999,-0.096559,1.011002
1692,-52.368963,2.624552,-28.992141999999998,-0.080079,-0.166384,1.001846
1694,-42.786297,-6.2867169999999994,-16.418708,-0.008789,-0.17773699999999998,1.047013
1696,-71.229114,-2.624552,-12.695506,0.104494,-0.119875,0.92958
1698,-88.50232700000001,-4.638743,2.197299,-0.06384400000000001,-0.16430899999999998,0.981582
1700,-159.365225,-6.71397,9.155413000000001,-0.020996,-0.048096,0.996109
1702,-247.623407,-19.592584,14.404517000000002,-0.143923,-0.285527,1.04567
1704,-293.095293,-80.445563,32.166018,-0.186404,-0.16284400000000002,1.1900819999999999
1706,-227.054246,-96.620127,53.589684999999996,-0.24329,0.03125,1.9999689999999999
1708,53.894865,-23.620966,25.635157,-0.22204899999999997,0.362066,1.9999689999999999
1710,59.876402,10.498207,29.663539,-0.323857,0.481575,0.591318
1712,108.644236,8.606088,26.67277,-0.146975,0.255253,0.9410540000000001
1714,120.057984,11.596857,21.301595000000002,-0.040406,0.265385,1.432883
1716,186.648356,34.424353,5.249104,-0.085451,0.125124,1.029313
1718,198.79453700000002,43.091478,7.6905470000000005,-0.164187,-0.139284,0.650645
1720,189.456016,38.452735,20.325017000000003,-0.097902,-0.26318800000000003,0.666392
1722,181.826505,40.772107,25.757229000000002,0.078614,-0.25684,1.04567
1724,186.282139,54.13901,19.470512,0.253788,-0.298955,1.487449
1726,203.860533,65.186542,5.493248,0.304814,-0.46179899999999996,1.293477
1728,190.676738,53.589684999999996,0.244144,0.301518,-0.628183,0.9226219999999999
1730,154.238193,27.100022999999997,-0.793469,0.343999,-0.7843140000000001,0.613657
1732,104.859998,-10.376135000000001,-9.033341,0.357794,-0.717418,0.54432
1734,60.975052000000005,-27.588312,-21.484703,0.089357,-0.577646,0.8245979999999999
1736,28.320745000000002,-10.254063,-32.166018,-0.261845,-0.560189,1.097551
1738,-89.600977,-39.734493,-19.287404000000002,-0.256596,-1.1745780000000001,0.27771399999999996
1740,-307.011521,-152.590219,44.129090999999995,0.858656,-1.954131,1.9999689999999999
1742,341.374838,41.565576,-18.127717999999998,-0.047974,-0.016968,1.644923
1744,2.014191,14.770732999999998,6.042573,-0.542733,0.823377,-0.05359
1746,-108.94941599999999,-25.329976000000002,30.518044,0.179202,0.0070799999999999995,1.534203
1748,-13.244831,-6.836042,0.671397,-0.127443,0.0448,0.7096060000000001
1750,-11.108568,-12.63447,0.0,-0.000366,-0.005005,1.036759
1752,-8.239872,-4.577707,1.159686,0.019165,-0.011353,1.0747229999999999
1754,-2.990768,-2.685588,0.793469,-0.028199000000000002,0.024537,1.0188139999999999
1756,-0.793469,-0.976577,0.671397,-0.012451,0.033569999999999996,1.0053860000000001
1758,-3.295949,0.48828900000000003,0.854505,-0.021485,0.032715,0.968765
1760,-9.643702000000001,-0.061036,0.671397,-0.019776,0.045411,0.970352
1762,-7.385367,-0.244144,0.976577,-0.021485,-0.00061,1.0316319999999999
1764,-0.183108,-1.464866,0.48828900000000003,-0.035157,0.024537,0.9792629999999999
1766,-3.051804,-4.455634,-0.48828900000000003,-0.006958,0.014649,0.998917
1768,1.464866,-3.234913,-0.366217,0.012573,0.025391,0.993057
1770,-1.281758,-2.136263,0.122072,-0.023316,0.018677000000000003,0.971817
1772,-3.051804,-1.8921189999999999,-0.244144,-0.014527000000000002,0.032593000000000004,0.908583
1774,-14.526589000000001,-4.455634,-0.366217,-0.029175,0.030883999999999998,0.9904940000000001
1776,-10.131991000000001,-2.929732,0.671397,-0.021118,-0.025757,1.113664
1778,-2.380407,0.671397,1.7700470000000001,0.001221,0.014527000000000002,0.993179
1780,-10.070953999999999,-0.976577,2.014191,-0.032227,-0.009644,1.0036770000000002
1782,-3.723201,-1.159686,1.586938,-0.014649,0.012329000000000001,1.01857
1784,-9.094377,-2.380407,0.366217,-0.050782,0.078737,0.903334
1786,-23.010604999999998,-8.606088,-1.647974,0.01709,-0.06640700000000001,1.015885
1788,-8.667124000000001,-3.6011290000000002,0.183108,0.033448,-0.099489,1.1526049999999999
1790,2.4414439999999997,-0.30518,1.037613,-0.016968,0.019776,0.9643700000000001
1792,-4.882887,-2.197299,0.244144,-0.027710000000000002,0.046387,0.9320209999999999
1794,-3.967346,-2.563516,-0.793469,0.034791,-0.042359,1.07924
1796,-6.836042,0.48828900000000003,0.183108,-0.053712,0.0,0.9748680000000001
1798,-2.075227,-3.784237,-2.197299,0.02002,-0.06652899999999999,1.077043
1800,11.23064,-1.159686,-2.136263,0.000122,-0.032471,1.044327
1802,12.451362,-1.037613,-1.40383,-0.084962,0.12573399999999998,0.764782
1804,-6.164645,-0.9155409999999999,-0.30518,-0.017212,-0.063355,1.0676430000000001
1806,-14.099336,-4.760815,-1.159686,-0.030151999999999998,-0.019165,0.9740139999999999
1808,-9.82681,-5.981537,-3.1128400000000003,0.033448,-0.035157,1.067277
1810,0.976577,-1.7700470000000001,-2.2583349999999998,0.023072,-0.034424,1.039811
1812,-1.2207219999999999,-0.244144,-1.8310830000000002,0.049194999999999996,-0.042847,1.053239
1814,9.52163,5.371176,-0.366217,-0.044433999999999994,-0.003052,0.952285
1816,3.723201,-0.366217,-1.159686,-0.01648,0.004517,0.9834129999999999
1818,1.7700470000000001,-2.075227,-1.647974,0.024781,-0.026733999999999997,1.038956
1820,5.493248,0.427253,-1.281758,-0.010131999999999999,-0.021729,1.02211
1822,10.376135000000001,0.793469,-1.342794,0.001709,-0.013672,0.9976959999999999
1824,9.277485,0.183108,-1.2207219999999999,0.001221,0.007201999999999999,0.986099
1826,5.188067,-0.793469,-1.342794,-0.0021969999999999997,0.025391,0.9589989999999999
1828,-0.793469,-1.525902,-0.976577,-0.006958,-0.010620000000000001,1.0150299999999999
1830,4.333562000000001,1.09865,-1.464866,0.029053,0.0031739999999999997,1.021256
1832,4.699779,4.760815,0.061036,-0.004273,0.001099,1.003433
1834,2.929732,2.563516,0.183108,-0.026733999999999997,0.031861,0.9272600000000001
1836,-4.638743,-0.732433,-0.244144,-0.004761,0.007568000000000001,0.9896389999999999
1838,-2.4414439999999997,-2.136263,-0.48828900000000003,0.0058590000000000005,-0.003418,1.0037989999999999
1840,-0.732433,-2.563516,-0.732433,-0.001709,-0.002441,1.006363
1842,-2.2583349999999998,-2.50248,-0.732433,-0.0058590000000000005,0.008911,0.9900049999999999
1844,-3.356985,-1.464866,-2.990768,0.004273,0.003296,1.0160069999999999
1846,-4.638743,-2.4414439999999997,-2.197299,-0.003906,0.018067,0.9831690000000001
1848,-7.751583,-3.1128400000000003,-2.685588,-0.025147,0.030639999999999997,0.948501
1850,6.225681,-0.48828900000000003,0.0,-0.008301000000000001,-0.001221,0.9871979999999999
1852,-1.342794,-0.061036,1.525902,-0.008789,-0.009276999999999999,1.012467
1854,0.183108,-0.244144,2.014191,-0.0051270000000000005,-0.003906,1.001968
1856,1.037613,-1.7700470000000001,1.70901,-0.013428,-0.019532,0.996231
1858,-0.427253,-2.50248,0.061036,0.030151999999999998,-0.006958,0.9946440000000001
1860,-2.868696,-2.2583349999999998,-0.366217,-0.008911,-0.010864,1.008438
1862,0.244144,-1.8921189999999999,0.793469,0.02002,-0.0015869999999999999,1.007218
1864,1.7700470000000001,0.0,0.48828900000000003,0.002441,0.004761,1.002457
1866,0.6103609999999999,-0.122072,-0.244144,-0.000732,0.002075,0.9939120000000001
1868,4.089418,0.671397,-2.2583349999999998,-0.005371,0.024903,1.000504
1870,-4.150454,-0.48828900000000003,-0.366217,0.006592,-0.005249,1.003067
1872,-1.953155,0.30518,0.244144,0.010498,-0.022705,1.017594
1874,-0.427253,-0.30518,0.9155409999999999,-0.01355,-0.015381,1.003433
1876,0.976577,-1.159686,1.342794,-0.0028079999999999997,-0.012573,0.9953770000000001
1878,1.159686,-2.136263,2.197299,0.009888,-0.005982,1.022232
1880,-3.418021,-1.342794,1.342794,0.009644,0.0008550000000000001,0.9875639999999999
1882,-2.136263,-0.48828900000000003,-0.549325,0.0063479999999999995,-0.002564,0.985
1884,-1.953155,-0.732433,-1.281758,0.0023190000000000003,-0.015503,1.013687
1886,1.464866,-0.671397,-0.732433,0.013306,-0.007568000000000001,1.011734
1888,0.061036,-1.037613,0.183108,0.0028079999999999997,-0.007691,1.001358
1890,0.183108,-1.586938,-0.427253,0.0074459999999999995,0.00415,0.9785309999999999
1892,-1.586938,-1.342794,-1.8921189999999999,0.015503,0.016114,0.9748680000000001
1894,-6.103609,0.793469,-7.2022580000000005,0.0070799999999999995,-0.010620000000000001,1.0078280000000002
1896,-6.652933999999999,1.464866,-5.554284,0.0037840000000000005,-0.017823,0.9952540000000001
1898,-2.50248,-0.366217,-0.30518,0.006714,-0.016968,1.014786
1900,0.854505,-0.366217,0.061036,0.0031739999999999997,-0.0177,1.002701
1902,2.197299,-1.159686,0.0,0.002686,-0.00647,1.008316
1904,0.976577,-1.342794,0.0,0.014159999999999999,-0.01294,0.989151
1906,-2.136263,-0.244144,-0.244144,0.014282,0.006714,0.9904940000000001
1908,-3.234913,1.953155,-2.50248,-0.003296,-0.029664,1.049943
1910,-3.6011290000000002,0.244144,-1.525902,0.011840999999999999,-0.0177,1.022477
1912,-0.9155409999999999,0.183108,0.122072,0.004639,-0.012695999999999999,1.00148
1914,1.281758,-0.30518,0.122072,0.018799,-0.024537,1.040299
1916,13.855192,1.8921189999999999,-3.967346,0.001343,0.010620000000000001,1.010269
1918,10.193027,1.8310830000000002,-2.136263,0.0031739999999999997,-0.004883,0.9754790000000001
1920,2.2583349999999998,1.464866,-0.9155409999999999,0.015259,0.007691,0.9903719999999999
1922,-0.6103609999999999,1.525902,-1.525902,-0.02002,-0.009644,1.001358
1924,-0.732433,2.014191,-3.234913,-0.007568000000000001,-0.0070799999999999995,1.011978
